frame,time_s,bottom_x,bottom_width,median_width,processing_ms,weed_pressure
0,0.0,590.0,555.0,315.0,520.6871840055101,0.2261208767361111
1,0.03333748838444179,590.0,555.0,315.0,484.9879199755378,0.2253103298611111
2,0.06667497676888358,590.75,556.5,315.25,476.5539460349828,0.2238226996527778
3,0.10001246515332536,591.0500000000001,557.1000000000001,315.85,451.9372599897906,0.2243967013888889
4,0.13334995353776716,591.9200000000001,555.8400000000001,316.05000000000007,463.9554850291461,0.22542860243055554
5,0.16668744192220894,593.018,556.836,316.9200000000001,467.368895013351,0.2252810329861111
6,0.20002493030665072,593.4572000000001,557.2344,317.268,481.2088640173897,0.22539713541666664
7,0.23336241869109253,593.63288,557.39376,317.4072,479.5218709623441,0.22581922743055555
8,0.2666999070755343,593.703152,557.4575040000001,316.71288,502.5692339986563,0.2257682291666667
9,0.3000373954599761,593.7312608000001,557.4830016000001,317.185152,458.5043069673702,0.2257497829861111
10,0.3333748838444179,594.4925043200001,558.99320064,318.11347264000005,487.6912320032716,0.22656684027777776
11,0.36671237222885966,594.047001728,561.0972802560001,317.745389056,465.6830870080739,0.2270757378472222
12,0.40004986061330144,593.1188006912,560.4389121024002,318.3481556224,475.9922670200467,0.22626953125000002
13,0.4333873489977432,593.49752027648,558.67556484096,317.83926224896,482.78405400924385,0.2270247395833333
14,0.46672483738218506,592.8990081105919,559.4702259363839,317.63570489958397,483.4130650269799,0.22613389756944444
15,0.5000623257666268,593.4096032442368,561.2880903745536,318.0615103825921,580.1069140434265,0.22660373263888892
16,0.5333998141510686,593.6138412976948,562.0152361498215,318.4746041530368,519.8834020411596,0.22641818576388886
17,0.5667373025355104,593.6955365190779,562.3060944599287,318.63984166121475,458.2679870072752,0.2260818142361111
18,0.6000747909199522,593.7282146076311,562.4224377839714,319.4559366644859,503.5436369944364,0.22566623263888888
19,0.633412279304394,593.7412858430524,562.4689751135885,320.47138961817177,453.97127000615,0.22705186631944446
20,0.6667497676888358,593.746514337221,562.4875900454355,320.1885558472687,552.9867590521462,0.2266840277777778
21,0.7000872560732776,593.7486057348884,562.4950360181741,320.0754223389075,445.8169789868407,0.22658203124999998
22,0.7334247444577193,579.4994422939553,533.9980144072696,319.28016893556304,372.9864660417661,0.22695529513888887
23,0.7667622328421612,573.7997769175821,522.5992057629079,319.7120675742252,368.0144750396721,0.227314453125
24,0.8000997212266029,570.7699107670329,516.5396823051632,319.8848270296901,451.2098559644073,0.22811523437499998
25,0.8334372096110447,583.0579643068131,541.1158729220653,318.45393081187603,486.8100769817829,0.22742730034722222
26,0.8667746979954865,572.9731857227252,523.9463491688261,316.3815723247504,476.83822200633585,0.22733398437500002
27,0.9001121863799283,567.43927428909,517.0785396675304,315.55262892990015,402.950267016422,0.22808485243055557
28,0.9334496747643701,563.7257097156361,511.33141586701214,314.47105157196006,387.52705801744014,0.22960069444444445
29,0.9667871631488119,559.2402838862545,503.03256634680486,309.53842062878414,393.19009298924357,0.23187825520833336
30,1.0001246515332536,552.1961135545018,489.21302653872203,306.82232252429657,387.7171920030378,0.23237738715277778
31,1.0334621399176955,555.3784454218007,462.6852106154888,305.7289290097186,416.6548509965651,0.23235677083333334
32,1.0667996283021373,558.1513781687203,449.07408424619547,303.0415716038875,427.76989802950993,0.23347981770833334
33,1.100137116686579,560.760551267488,443.6296336984781,300.46662864155496,375.87431899737567,0.23473524305555557
34,1.1334746050710207,592.5542205069952,499.95185347939116,300.93665145662203,381.73671800177544,0.2327311197916667
35,1.1668120934554627,606.771688202798,522.4807413917565,300.37466058264874,420.78312597004697,0.23268663194444444
36,1.2001495818399044,613.9586752811193,528.4922965567027,299.3998642330595,430.44956197263673,0.23288736979166663
37,1.2334870702243461,618.3334701124478,530.8969186226811,297.50994569322376,403.651433007326,0.23267686631944445
38,1.266824558608788,614.0833880449791,516.8587674490725,298.25397827728955,401.3263339875266,0.23420030381944446
39,1.3001620469932298,614.6333552179916,512.743506979629,297.8015913109158,416.81614000117406,0.23234483506944448
40,1.3334995353776715,617.1033420871967,515.5974027918517,298.88701541755796,485.9508139779791,0.2326801215277778
41,1.3668370237621132,619.5913368348786,519.7389611167407,300.30480616702323,400.02794802421704,0.23291449652777776
42,1.4001745121465552,615.3365347339515,504.89558444669626,299.3719224668092,388.46095197368413,0.23203993055555555
43,1.433512000530997,619.6346138935805,495.95823377867845,298.2487689867237,524.9733139644377,0.23083767361111113
44,1.4668494889154386,625.8538455574324,492.3832935114715,302.2995075946895,404.9298670142889,0.2295757378472222
45,1.5001869772998804,633.5915382229729,489.45331740458863,305.4198030378758,400.0930470065214,0.22944118923611112
46,1.5335244656843223,642.6866152891891,491.2813269618354,312.6679212151503,355.5228440091014,0.22966471354166668
47,1.566861954068764,653.8246461156757,495.01253078473417,317.94173010339443,374.1075159632601,0.23002821180555555
48,1.6001994424532058,661.2798584462703,502.5050123138937,309.4266920413578,465.0067929760553,0.22991427951388888
49,1.6335369308376477,666.5119433785082,510.00200492555746,303.02067681654313,471.3839149917476,0.23028211805555554
50,1.6668744192220895,656.6047773514032,534.0008019702229,299.7082707266173,407.0509719895199,0.23032009548611113
51,1.7002119076065312,645.8919109405613,533.100320788089,308.13330829064694,459.65819602133706,0.2325705295138889
52,1.733549395990973,653.6067643762246,499.7401283152357,313.75332331625884,411.840125976596,0.23265733506944444
53,1.7668868843754149,661.1927057504897,474.39605132609427,300.25797112211893,407.43555896915495,0.2321234809027778
54,1.8002243727598566,663.4770823001959,462.7584205304376,297.85318844884756,350.7860420504585,0.23170247395833335
55,1.8335618611442983,662.1408329200784,453.60336821217516,299.141275379539,380.7536020176485,0.2310698784722222
56,1.8668993495287403,660.1063331680314,449.94134728486995,298.90651015181567,338.9241819968447,0.23177408854166667
57,1.900236837913182,663.7925332672125,454.47653891394793,294.31260406072636,370.3429019660689,0.23211914062500003
58,1.9335743262976237,669.017013306885,451.7906155655793,284.2250416242905,430.53079303354025,0.23409613715277777
59,1.9669118146820654,674.856805322754,449.21624622623165,280.1900166497162,380.17960503930226,0.23365993923611114
60,2.000249303066507,674.9427221291016,440.68649849049257,273.3260066598866,452.38088903715834,0.2330523003472222
61,2.033586791450949,673.4770888516405,425.274599396197,269.8304026639546,468.2621320243925,0.23320963541666664
62,2.066924279835391,672.8908355406563,410.10983975847876,264.68216106558185,410.49369098618627,0.23259548611111108
63,2.100261768219833,673.4063342162625,405.5439359033915,259.6228644262327,411.70939698349684,0.23165256076388888
64,2.1335992566042745,672.862533686505,414.21757436135647,256.099145770493,447.8754660231061,0.2298263888888889
65,2.1669367449887162,670.395013474602,425.18702974454254,253.18965830819718,399.5336110237986,0.22937934027777776
66,2.200274233373158,669.4080053898408,432.5748118978171,251.2758633232789,448.2218679622747,0.22965277777777776
67,2.2336117217575997,661.5132021559363,423.52992475912686,249.76034532931158,427.8283269959502,0.23011610243055558
68,2.2669492101420414,656.8552808623746,422.9119699036508,247.6541381317246,468.0549670010805,0.23154730902777776
69,2.3002866985264836,659.4921123449499,425.66478796146043,245.3116552526899,426.36303702602163,0.232470703125
70,2.3336241869109253,661.2968449379799,425.2659151845842,242.87466210107593,406.65252902545035,0.23179796006944445
71,2.366961675295367,662.768737975192,426.60636607383367,241.14986484043038,432.3545990046114,0.23148546006944443
72,2.400299163679809,661.8574951900769,430.1425464295335,241.20994593617212,419.06229697633535,0.23251302083333333
73,2.4336366520642505,667.4929980760306,455.55701857181333,241.23397837446873,382.5494369957596,0.23203233506944443
74,2.4669741404486922,667.4971992304122,473.2228074287252,239.74359134978744,396.00062801036984,0.23266384548611113
75,2.500311628833134,667.4988796921649,483.28912297149003,239.89743653991502,457.6380009530112,0.2370431857638889
76,2.533649117217576,667.499551876866,487.31564918859596,241.45897461596607,445.4278289922513,0.23705729166666664
77,2.566986605602018,662.2498207507464,478.4262596754385,242.08358984638642,437.372011016123,0.23690212673611113
78,2.6003240939864596,663.8999283002986,479.37050387017536,244.58343593855463,474.7763740015216,0.23707682291666668
79,2.6336615823709013,668.3099713201194,478.24820154807014,246.33337437542178,419.3153149681166,0.23802191840277778
80,2.666999070755343,673.0739885280478,474.79928061922806,247.78334975016867,400.0067519955337,0.234423828125
81,2.7003365591397848,653.9795954112192,515.4197122476913,250.6133399000675,391.62443700479344,0.2383723958333333
82,2.7336740475242265,644.0918381644877,530.1678848990765,250.99533596002703,390.0589870172553,0.23856553819444445
83,2.7670115359086687,661.1367352657951,485.06715395963056,251.14813438401086,405.5677700089291,0.2390798611111111
84,2.8003490242931104,657.454694106318,485.02686158385217,250.45925375360437,390.4325549956411,0.23820095486111112
85,2.833686512677552,654.481877642527,470.01074463354075,246.43370150144173,377.7705510146916,0.2397211371527778
86,2.867024001061994,650.292751057011,461.0042978534164,244.82348060057666,462.51206297893077,0.24054361979166666
87,2.9003614894464356,650.1171004228045,460.40171914136647,247.17939224023064,446.6104190214537,0.23907335069444444
88,2.9336989778308773,644.7968401691218,452.66068765654666,247.37175689609217,440.1996069937013,0.239912109375
89,2.967036466215319,645.6687360676488,443.56427506261866,247.44870275843692,427.1963399951346,0.23958984375000003
90,3.0003739545997608,661.0174944270595,424.92571002504747,248.22948110337478,429.88589097512886,0.23987413194444446
91,3.033711442984203,670.1569977708238,426.4702840100189,251.54179244134988,421.075557009317,0.24107964409722224
92,3.0670489313686446,673.8127991083296,430.0881136040076,255.11671697653986,398.3943060156889,0.24246202256944444
93,3.1003864197530864,673.0251196433318,430.0352454416031,256.9536401552389,423.55520400451496,0.24217664930555555
94,3.133723908137528,670.4600478573327,431.5140981766413,258.16867471624636,415.5440740287304,0.24259874131944448
95,3.16706139652197,670.1840191429333,433.6056392706565,260.0174698864985,411.3111959886737,0.242607421875
96,3.2003988849064116,671.5736076571733,437.44225570826256,263.00698795459937,417.9659750079736,0.2436284722222222
97,3.2337363732908533,682.6294430628693,426.9769022833051,264.95279518183975,421.9040609896183,0.24436414930555558
98,3.2670738616752955,692.3017772251478,424.2907609133221,256.73111807273585,415.40216701105237,0.24592773437499998
99,3.300411350059737,697.6707108900591,426.2163043653288,254.1924472290943,379.12779499311,0.24606445312499997
100,3.333748838444179,699.0682843560237,425.48652174613153,253.9269788916377,385.9550659544766,0.24766493055555555
101,3.3670863268286206,699.6273137424095,425.1946086984526,256.8207915566551,404.79144104756415,0.2482899305555556
102,3.4004238152130624,696.8509254969638,437.07784347938116,260.22831662266196,365.9769759979099,0.2474338107638889
103,3.433761303597504,694.9903701987855,443.3311373917525,262.34132664906485,389.57238802686334,0.24796006944444443
104,3.467098791981946,697.2461480795141,448.832454956701,254.186530659626,408.0140070291236,0.24844401041666667
105,3.500436280366388,701.8984592318056,446.5329819826804,253.17461226385035,385.97683899570256,0.2478786892361111
106,3.5337737687508297,706.7593836927223,439.6131927930722,255.76984490554017,459.6831109956838,0.24689887152777776
107,3.5671112571352714,710.2037534770889,430.84527711722893,251.5579379622161,463.6784850154072,0.24646484375000002
108,3.600448745519713,716.8315013908355,425.83811084689154,252.6504585701162,430.6339650065638,0.24605902777777774
109,3.633786233904155,723.9826005563341,426.83524433875664,257.44927007395455,421.5834899805486,0.2435894097222222
110,3.6671237222885966,730.5930402225338,428.73409773550264,262.72970802958184,393.44205299858004,0.24363281250000002
111,3.7004612106730383,734.7372160890134,435.49363909420094,267.09188321183274,437.39361100597307,0.2424587673611111
112,3.7337986990574805,737.1448864356055,445.6974556376804,269.5867532847331,448.88413697481155,0.2423556857638889
113,3.7671361874419222,738.1079545742421,452.77898225507204,273.5847013138932,481.1829309910536,0.24236653645833334
114,3.800473675826364,740.7431818296968,454.1115929020287,276.64757651045886,396.57899300800636,0.24130750868055553
115,3.8338111642108057,741.7972727318786,451.6446371608116,277.1590306041835,443.1725249742158,0.24184244791666668
116,3.8671486525952474,744.4689090927516,446.15785486432463,274.9694208840891,412.39320201566443,0.24059027777777778
117,3.900486140979689,745.5375636371004,443.96314194572983,275.7377683536356,404.62265600217506,0.24105685763888887
118,3.933823629364131,749.7150254548403,438.5852567782919,276.7951073414542,431.8050959846005,0.24147569444444444
119,3.967161117748573,760.3860101819362,433.43410271131677,264.4680429365817,436.70979799935594,0.24333116319444442
120,4.000498606133014,770.6544040727744,437.37364108452664,258.0372171746327,489.8438610252924,0.24339952256944444
121,4.033836094517456,760.5117616291097,440.44945643381055,257.7148868698531,459.6983770024963,0.24406792534722224
122,4.067173582901898,757.204704651644,443.1797825735242,255.3359547479413,480.26134294923395,0.24445095486111112
123,4.10051107128634,757.3818818606576,447.2719130294095,255.1343818991765,467.0397369773127,0.24464301215277776
124,4.133848559670782,763.452752744263,445.9087652117639,255.05375275967066,473.97551900940016,0.24478841145833333
125,4.167186048055224,770.3811010977053,448.3635060847056,255.02150110386827,421.0332349757664,0.24521484374999997
126,4.200523536439666,776.9024404390823,459.8454024338822,258.00860044154723,503.49465204635635,0.24443684895833334
127,4.233861024824107,783.2609761756329,477.93816097355295,259.9534401766189,521.8863909831271,0.2440570746527778
128,4.267198513208549,769.3043904702531,452.17526438942116,262.23137607064746,496.28197704441845,0.24494791666666668
129,4.300536001592991,767.4717561881014,449.37010575576846,263.89255042825897,530.2796659525484,0.24545572916666664
130,4.3338734899774325,771.2387024752405,457.24804230230745,264.5570201713035,491.63932900410146,0.24579318576388892
131,4.367210978361874,765.9954809900961,428.899216920923,265.57280806852134,454.66192200547084,0.24561414930555558
132,4.400548466746316,765.3981923960384,420.55968676836926,265.22912322740854,470.32883402425796,0.24725911458333336
133,4.433885955130758,766.6592769584154,423.2238747073477,266.59164929096346,428.54261596221477,0.24749674479166667
134,4.467223443515199,759.663710783366,415.289549882939,267.13665971638534,429.4356479658745,0.24796549479166669
135,4.500560931899641,753.1154843133464,413.6158199531757,267.35466388655425,386.2003419781104,0.24839735243055558
136,4.533898420284083,749.7461937253386,414.4463279812702,268.9418655546217,435.92118396190926,0.24892903645833334
137,4.567235908668525,748.3984774901354,417.77853119250807,270.3267462218487,400.7566410000436,0.24862413194444444
138,4.600573397052967,750.8593909960541,422.1114124770032,274.63069848873954,409.9291120073758,0.24797309027777778
139,4.633910885437409,755.5937563984216,422.3445649908012,275.6022793954959,415.7868130132556,0.24807617187500003
140,4.667248373821851,758.2375025593685,426.9378259963206,269.24091175819837,406.9932010024786,0.24849717881944447
141,4.700585862206292,754.7950010237474,437.7751303985283,262.94636470327947,387.808158993721,0.24948350694444446
142,4.733923350590734,751.9180004094989,439.11005215941134,263.42854588131183,379.47925401385874,0.24891276041666666
143,4.767260838975176,753.7672001637995,436.6440208637646,265.8714183525248,427.508493012283,0.2488704427083333
144,4.800598327359618,757.5068800655198,441.6576083455058,269.09856734100987,387.1899319929071,0.24951280381944446
145,4.833935815744059,761.252752026208,454.1630433382023,265.1394269364039,380.001281038858,0.24778754340277778
146,4.867273304128501,764.2511008104832,468.165217335281,263.55577077456155,403.1381499953568,0.24758029513888888
147,4.900610792512943,766.9504403241933,485.76608693411237,263.67230830982464,405.2869899896905,0.24779947916666667
148,4.9339482808973845,757.5301761296773,474.8064347736449,264.4689233239299,433.8473699754104,0.24923177083333334
149,4.967285769281826,753.0120704518708,468.92257390945804,264.037569329572,418.4775129542686,0.24788519965277775
150,5.000623257666268,751.2048281807483,463.5690295637832,263.8650277318288,512.205109000206,0.2467306857638889
151,5.03396074605071,748.2319312722994,459.9276118255134,264.5460110927315,458.4483659709804,0.24524088541666664
152,5.067298234435152,745.5427725089197,458.4710447302052,264.8184044370926,412.36092697363347,0.24458984375
153,5.100635722819594,743.7171090035679,465.38841789208215,266.42736177483704,398.34486902691424,0.24388129340277778
154,5.133973211204036,739.9868436014272,480.1553671568328,267.0709447099348,412.5362620106898,0.24802734374999996
155,5.167310699588477,751.244737440571,469.56214686273324,268.078377883974,393.42643797863275,0.24846028645833332
156,5.200648187972919,759.4978949762285,469.8248587450934,267.7313511535897,384.85711702378467,0.24400933159722224
157,5.233985676357361,765.0491579904913,474.42994349803735,267.5925404614358,348.50818797713146,0.24778211805555558
158,5.267323164741803,768.7696631961966,476.27197739921485,269.0370161845743,392.13634602492675,0.24679144965277777
159,5.300660653126244,771.0078652784786,472.50879095968594,271.86480647382973,387.26289803162217,0.24597005208333333
160,5.333998141510686,771.9031461113914,474.00351638387434,266.9959225895319,407.37899497617036,0.24554253472222223
161,5.367335629895128,761.7612584445566,462.60140655354974,268.7983690358128,414.80306698940694,0.24715169270833334
162,5.4006731182795695,753.9545033778227,456.54056262142007,280.3574824903328,387.60595000348985,0.24768120659722226
163,5.434010606664011,750.8318013511291,457.116225048568,277.0077390457301,394.839758053422,0.24766818576388888
164,5.467348095048453,739.8327205404516,431.84649001942716,279.55309561829193,356.82613297831267,0.24649848090277782
165,5.500685583432895,736.1830882161805,432.23859600777087,279.0712382473167,364.62133895838633,0.24346462673611113
166,5.534023071817337,723.4732352864722,412.89543840310836,281.1284952989267,361.01027205586433,0.24296874999999998
167,5.567360560201779,716.8892941145889,405.1581753612433,278.9513981195706,386.13139500375837,0.24289062500000003
168,5.600698048586221,715.0057176458356,397.5632701444974,279.5805592478283,408.85864302981645,0.24263671875
169,5.6340355369706625,716.5022870583343,402.02530805779884,278.3322236991313,379.8836559872143,0.24404405381944447
170,5.667373025355104,720.8509148233336,411.3101232231195,277.83288947965247,413.14099699957296,0.24466037326388887
171,5.700710513739546,727.0903659293334,424.0240492892477,246.13315579186104,438.48864699248224,0.24448567708333335
172,5.734048002123988,735.5861463717333,435.1096197156991,259.70326231674454,383.7058019707911,0.2452484809027778
173,5.767385490508429,738.9844585486934,442.54384788627965,263.6313049266978,401.93289797753096,0.2450607638888889
174,5.800722978892871,738.0937834194774,438.0175391545118,247.9525219706792,385.44380699750036,0.24205946180555557
175,5.834060467277313,736.2375133677909,433.20701566180475,242.05160456376035,380.5553969577886,0.24331922743055553
176,5.867397955661755,739.2450053471164,414.7828062647219,240.07064182550408,399.3107529822737,0.2440451388888889
177,5.900735444046196,735.9480021388465,401.4131225058887,242.24896140612339,378.14600102137774,0.24492404513888888
178,5.934072932430638,736.8792008555386,406.56524900235536,243.14958456244946,399.3953639874235,0.2465451388888889
179,5.96741042081508,737.2516803422155,414.6260996009421,242.75983382497978,406.1080130049959,0.24692491319444446
180,6.0007479091995215,741.1506721368862,428.3504398403769,261.1503666732101,440.9409940126352,0.24811848958333335
181,6.034085397583964,747.2102688547545,439.8401759361508,244.04157341199678,414.56951503641903,0.24966254340277777
182,6.067422885968406,742.1341075419019,423.4360703744603,237.86662936479877,474.0218220395036,0.24952690972222222
183,6.100760374352848,746.8536430167608,412.3744281497841,232.39665174591943,456.97158901020885,0.24907009548611111
184,6.134097862737289,751.7414572067042,407.9497712599135,245.9586606983678,453.00683699315414,0.24906250000000002
185,6.167435351121731,756.6965828826818,415.1799085039654,249.13346427934712,441.8030880042352,0.2500954861111111
186,6.200772839506173,749.6786331530725,406.0719634015861,253.40338571173882,439.46259998483583,0.24921115451388887
187,6.2341103278906145,746.871453261229,405.4287853606345,255.1113542846955,442.80010799411684,0.24830729166666665
188,6.267447816275056,744.9985813044917,409.6715141442539,254.29454171387817,382.7774630044587,0.24889756944444444
189,6.300785304659498,744.2494325217967,417.36860565770155,256.21781668555127,431.489575013984,0.24846571180555557
190,6.33412279304394,740.9497730087187,420.44744226308075,261.48712667422046,391.49061002535746,0.24768229166666667
191,6.367460281428381,737.3799092034875,429.17897690523233,254.59485066968819,361.31672200281173,0.24689995659722225
192,6.400797769812823,748.7019636813949,413.1715907620928,251.83794026787535,375.62871095724404,0.24559027777777778
193,6.434135258197265,754.730785472558,409.76863630483706,255.23517610715018,353.58818899840117,0.24509006076388887
194,6.467472746581707,757.8923141890232,412.90745452193477,260.3440704428601,369.504266011063,0.24439127604166666
195,6.500810234966149,756.9069256756092,421.6629818087738,261.637628177144,367.593132017646,0.2436762152777778
196,6.534147723350591,767.7627702702438,450.66519272350956,252.40505127085748,381.0061090043746,0.2437358940972222
197,6.567485211735033,759.3551081080975,433.766077089404,250.96202050834302,335.97831800580025,0.24931966145833334
198,6.600822700119474,752.9920432432391,415.00643083576165,251.13480820333726,421.06288694776595,0.25006510416666666
199,6.634160188503916,751.1968172972956,403.0025723343047,248.20392328133488,366.63102998863906,0.25055772569444446
200,6.667497676888358,747.4787269189181,392.2010289337219,245.53156931253392,397.8662049630657,0.25064127604166664
201,6.7008351652727995,746.7414907675673,389.3804115734888,244.46262772501348,385.0616019917652,0.25082356770833336
202,6.734172653657241,751.6965963070268,392.75216462939557,243.28505109000537,402.05930097727105,0.2508995225694444
203,6.767510142041683,757.4286385228107,395.6008658517581,242.06402043600212,445.9836859605275,0.24929796006944446
204,6.800847630426125,761.9714554091242,395.24034634070335,243.0756081744009,420.3331880271435,0.24812825520833334
205,6.8341851188105665,766.0385821636497,393.5961385362813,242.73024326976036,374.87268197583035,0.24897026909722225
206,6.867522607195008,769.9154328654597,394.4384554145124,242.5920973079041,429.7188139753416,0.24903862847222222
207,6.90086009557945,772.2161731461838,399.2753821658049,242.53683892316167,398.1434069573879,0.24873697916666665
208,6.934197583963892,772.3864692584734,411.710152866322,244.25770908598145,358.81234001135454,0.24839192708333332
209,6.967535072348333,771.7045877033894,421.18406114652885,245.45308363439258,371.2745850207284,0.24778428819444442
210,7.000872560732776,770.6818350813558,426.4736244586115,246.6812334537571,358.5757020046003,0.24682617187500003
211,7.034210049117218,768.7727340325423,437.58944978344465,247.17249338150287,406.0495300218463,0.24647677951388886
212,7.067547537501659,769.509093613017,451.035779913378,247.3689973526012,405.053392983973,0.24580946180555557
213,7.100885025886101,772.8036374452068,465.4143119653512,247.9330308922292,414.65654998319224,0.24496310763888887
214,7.134222514270543,778.6214549780827,495.1657247861405,250.67321235689167,367.21535900142044,0.24589301215277778
215,7.167560002654985,780.9485819912331,507.06628991445626,256.2692849427566,378.590731008444,0.2452712673611111
216,7.200897491039426,759.3794327964931,454.82651596578245,260.00771397710264,341.64278698153794,0.24539496527777777
217,7.234234979423868,750.0017731185973,435.4306063863129,263.753085590841,365.75487902155146,0.2455685763888889
218,7.26757246780831,747.0007092474389,429.17224255452504,263.00123423633636,331.6943160025403,0.24522352430555555
219,7.3009099561927515,745.0502836989756,428.16889702181004,266.45049369453443,351.0643760091625,0.2459841579861111
220,7.334247444577193,745.0201134795901,429.26755880872395,267.0801974778137,355.2341989707202,0.2463845486111111
221,7.367584932961635,762.2580453918362,398.2070235234895,268.08207899112546,351.9193360116333,0.24685221354166667
222,7.400922421346077,769.1532181567345,388.78280940939595,268.48283159645024,373.56192601146176,0.2476215277777778
223,7.434259909730518,771.9112872626937,388.01312376375836,271.64313263858,373.25649900594726,0.24870768229166668
224,7.467597398114961,771.5145149050775,390.7052495055033,269.90725305543197,374.5029140263796,0.2493901909722222
225,7.500934886499403,778.1058059620309,426.28209980220134,268.46290122217283,386.572037008591,0.24496202256944444
226,7.5342723748838445,764.9923223848124,415.01283992088054,267.88516048886913,363.178594969213,0.24338216145833333
227,7.567609863268286,762.7469289539249,419.5051359683521,268.40406419554756,377.11436295649037,0.24443142361111111
228,7.600947351652728,762.59877158157,425.80205438734083,270.86162567821907,375.12077298015356,0.24444010416666667
229,7.63428484003717,762.5395086326279,434.3208217549362,263.5946502712876,397.50190399354324,0.24535047743055555
230,7.667622328421611,755.7658034530511,430.2283287019745,268.937860108515,404.80034600477666,0.24739040798611112
231,7.700959816806053,751.5563213812206,431.5913314807899,269.57514404340594,389.64224100345746,0.2475390625
232,7.734297305190495,746.8725285524883,435.13653259231603,263.83005761736234,441.7868449818343,0.2513020833333333
233,7.767634793574937,740.4990114209954,439.5546130369264,263.78202304694497,392.2433069674298,0.2549576822916667
234,7.800972281959378,744.6996045683982,421.8218452147707,268.2628092187781,373.41704999562353,0.254912109375
235,7.83430977034382,749.3798418273593,417.7287380859083,270.80512368751124,381.1402050196193,0.2539301215277778
236,7.867647258728262,752.7519367309437,419.0914952343634,270.32204947500446,407.71825198316947,0.25248480902777776
237,7.9009847471127035,752.6007746923774,413.63659809374525,271.6288197900017,374.91312995553017,0.2523578559027778
238,7.934322235497146,756.290309876951,397.9546392374981,278.90152791600065,375.5382899544202,0.25169487847222227
239,7.967659723881588,756.2661239507804,391.68185569499934,270.5606111664003,365.45253603253514,0.2514322916666667
240,8.000997212266029,754.7564495803122,392.1727422779997,267.22424446656004,384.372839005664,0.25101236979166663
241,8.03433470065047,751.902579832125,399.8690969111999,265.8896977866241,341.21890598908067,0.2511447482638889
242,8.067672189034912,751.51103193285,410.44763876447985,265.3558791146496,385.9565199818462,0.2510828993055556
243,8.101009677419354,751.3544127731399,420.679055505792,265.8923516458598,388.33718199748546,0.2524424913194444
244,8.134347165803796,747.541765109256,426.27162220231685,265.356940658344,403.2233059988357,0.25317491319444446
245,8.167684654188237,746.7667060437022,427.0086488809266,269.6427762633376,366.66747502749786,0.25305881076388886
246,8.20102214257268,749.456682417481,427.30345955237067,274.2846858192001,364.7084180265665,0.252705078125
247,8.234359630957123,754.2826729669924,431.9213838209484,276.242844202134,402.0881179603748,0.2508203125
248,8.267697119341564,759.213069186797,433.7685535283794,279.2471376808536,387.8168410155922,0.24766276041666668
249,8.301034607726006,765.6852276747188,431.50742141135186,281.94885507234153,462.54828199744225,0.2465180121527778
250,8.334372096110448,757.0240910698876,444.1029685645408,272.5295420289366,369.9378239689395,0.2456998697916667
251,8.36770958449489,752.8096364279552,453.64118742581627,271.7618168115746,396.80606697220355,0.24554361979166667
252,8.401047072879331,751.1238545711819,463.4564749703264,275.20472672462984,507.3993089608848,0.24571940104166667
253,8.434384561263773,747.4495418284728,476.3825899881306,277.331890689852,462.31946302577853,0.24641601562499998
254,8.467722049648215,760.2298167313891,465.05303599525223,278.93275627594085,442.2806050279178,0.24720811631944445
255,8.501059538032656,766.0919266925556,468.0212143981009,280.3231025103763,407.65887103043497,0.24706271701388888
256,8.534397026417098,766.1867706770222,470.7084857592403,282.3792410041506,413.30803401069716,0.24618272569444447
257,8.56773451480154,763.974708270809,470.2833943036962,284.70169640166023,387.9890629905276,0.2458474392361111
258,8.601072003185982,754.8398833083236,462.61335772147845,269.13067856066414,359.31882105069235,0.2448361545138889
259,8.634409491570423,766.9359533233294,425.0453430885914,264.4022714242657,386.10604498535395,0.24490559895833336
260,8.667746979954865,771.0243813293317,414.5181372354366,267.0109085697063,382.5296569848433,0.24578993055555554
261,8.701084468339307,768.9097525317327,420.8072548941746,265.80436342788255,409.053034032695,0.2473459201388889
262,8.734421956723748,765.8139010126931,424.82290195766996,258.571745371153,382.4108259868808,0.24897352430555555
263,8.76775944510819,760.8255604050772,421.929160783068,257.9286981484612,379.55417501507327,0.2501139322916667
264,8.801096933492632,756.580224162031,416.2716643132271,257.67147925938445,426.54376599239185,0.24753797743055556
265,8.834434421877074,751.1320896648124,403.50866572529077,263.5685917037539,349.2333199828863,0.24635633680555558
266,8.867771910261515,745.952835865925,407.4034662901164,266.96527857937156,403.94387900596485,0.24581705729166667
267,8.901109398645957,738.63113434637,413.46138651604645,253.97097467260062,414.2242089728825,0.2516569010416666
268,8.934446887030399,732.702453738548,412.88455460641853,251.5883898690402,390.8962709829211,0.24568901909722224
269,8.96778437541484,731.0809814954191,402.15382184256737,249.1353559476161,435.448014002759,0.2493326822916667
270,9.001121863799282,750.6823925981677,411.36152873702684,251.1541423790465,392.69429398700595,0.24831814236111113
271,9.034459352183724,745.0229570392671,442.0446114948107,250.46165695161858,347.7399680414237,0.24745551215277775
272,9.067796840568166,735.2591828157068,451.3178445979242,249.43466278064744,380.546954984311,0.24674804687500002
273,9.101134328952607,731.3536731262827,446.0271378391698,247.52386511225896,361.84941104147583,0.24545681423611113
274,9.13447181733705,729.791469250513,443.91085513566793,250.50954604490363,396.24401298351586,0.24397460937499998
275,9.167809305721493,723.9165877002052,453.56434205426723,252.45381841796143,393.81991897244006,0.24360243055555558
276,9.201146794105934,725.3166350800823,431.925736821707,254.73152736718447,378.36142600281164,0.24277994791666668
277,9.234484282490376,720.6266540320328,430.77029472868276,256.3926109468739,400.2103250240907,0.2423122829861111
278,9.267821770874818,718.7506616128131,430.308117891473,257.80704437874954,405.5764660006389,0.24148328993055554
279,9.30115925925926,718.0002646451251,430.1232471565892,261.3728177514998,396.6146419988945,0.24101888020833334
280,9.334496747643701,718.4501058580499,440.5492988626356,263.54912710059995,395.6269919872284,0.2455826822916667
281,9.367834236028143,720.88004234322,455.21971954505426,265.16965084023985,374.87785902339965,0.24519856770833331
282,9.401171724412585,721.852016937288,467.0878878180218,267.31786033609586,346.8829629709944,0.2437814670138889
283,9.434509212797026,722.9908067749152,479.33515512720874,268.9271441344383,377.4443849688396,0.24339301215277775
284,9.467846701181468,724.9463227099661,493.2340620508835,271.0708576537753,367.7166539710015,0.24396809895833332
285,9.50118418956591,726.4785290839865,509.29362482035344,271.9283430615102,389.8887609830126,0.24316514756944443
286,9.534521677950352,726.3414116335946,529.2174499281413,274.52133722460417,388.0123490234837,0.243662109375
287,9.567859166334793,724.0365646534377,553.6869799712564,276.30853488984167,429.75847801426426,0.2439963107638889
288,9.601196654719235,696.1146258613752,521.4747919885026,278.52341395593663,398.1664539896883,0.2405078125
289,9.634534143103677,683.4458503445501,511.5899167954011,280.1593655823747,411.4100779988803,0.24113389756944445
290,9.667871631488119,698.6283401378199,452.1359667181604,283.81374623294994,371.7949700076133,0.2402756076388889
291,9.70120911987256,698.701336055128,431.3543866872641,286.02549849317995,354.9767869990319,0.24044053819444447
292,9.734546608257002,696.480534422051,424.54175467490575,287.6601993972719,337.60465402156115,0.23959526909722223
293,9.767884096641444,697.0922137688206,424.81670186996223,290.5640797589088,355.0486809690483,0.23888237847222224
294,9.801221585025885,698.0868855075282,429.4266807479849,294.72563190356357,343.095407995861,0.23831380208333333
295,9.834559073410327,699.9847542030113,434.27067229919385,298.6402527614254,364.41913997987285,0.23708767361111113
296,9.867896561794769,700.7439016812045,442.20826891967766,297.20610110457017,334.5743640093133,0.23685438368055556
297,9.90123405017921,698.0475606724817,457.38330756787093,297.38244044182807,315.5884449952282,0.23422960069444446
298,9.934571538563652,694.7190242689928,473.9533230271485,299.7029761767313,341.7456650058739,0.23417860243055555
299,9.967909026948094,691.1376097075971,491.0813292108594,302.13119047069256,331.8449999787845,0.2322829861111111
300,10.001246515332536,703.9550438830389,472.43253168434376,305.352476188277,341.46345301996917,0.23080729166666666
301,10.034584003716978,709.8320175532155,472.47301267373746,308.8909904753108,323.84812098462135,0.22849717881944442
302,10.06792149210142,711.4328070212862,485.989205069495,311.05639619012436,314.12299402290955,0.22416558159722225
303,10.101258980485863,702.3231228085147,498.8956820277981,315.67255847604986,343.7744139810093,0.21971896701388885
304,10.134596468870305,687.4292491234058,496.55827281111925,319.01902339042,295.5681059975177,0.21936957465277776
305,10.167933957254746,682.9716996493624,501.6233091244477,322.607609356168,319.7626530309208,0.21841145833333334
306,10.201271445639188,682.688679859745,512.649323649779,324.04304374246715,328.38513201568276,0.2168218315972222
307,10.23460893402363,709.575471943898,469.05972945991164,326.11721749698677,315.4301770264283,0.21812717013888888
308,10.267946422408071,723.3301887775592,466.62389178396467,327.6968869987947,297.8333600331098,0.2182248263888889
309,10.301283910792513,734.8320755110237,468.64955671358587,329.0787547995178,334.2602589982562,0.21627061631944444
310,10.334621399176955,740.1828302044095,470.95982268543423,330.3815019198071,361.14194901892915,0.21708007812500002
311,10.367958887561397,737.8231320817638,477.8839290741737,331.65260076792276,340.8313679974526,0.2194455295138889
312,10.401296375945838,732.3792528327056,480.6535716296695,332.1610403071692,360.3200039942749,0.21925021701388886
313,10.43463386433028,726.4517011330821,483.26142865186785,333.8644161228677,326.54362899484113,0.22341471354166667
314,10.467971352714722,710.580680453233,493.3045714607472,334.5457664491471,330.7328140363097,0.22612630208333334
315,10.501308841099164,698.2322721812932,482.32182858429894,332.56830657965895,350.0980340177193,0.22672200520833335
316,10.534646329483605,697.0429088725173,482.4287314337195,334.02732263186357,296.469367982354,0.2306195746527778
317,10.567983817868047,700.317163549007,489.9714925734878,330.1109290527455,333.3057960262522,0.23405815972222221
318,10.601321306252489,698.6268654196027,504.9885970293951,331.5443716210982,324.24460496986285,0.23585286458333332
319,10.63465879463693,697.9507461678411,513.9954388117578,324.61774864843926,337.6321859541349,0.23808051215277778
320,10.667996283021372,694.6802984671365,514.5981755247033,321.8470994593757,340.6393500044942,0.23970269097222222
321,10.701333771405814,696.3721193868546,508.8392702098814,314.73883978375034,371.87230499694124,0.24110785590277778
322,10.734671259790256,694.7988477547417,508.0357080839526,305.8955359135001,336.8907349649817,0.23773220486111113
323,10.768008748174697,692.6695391018967,522.7142832335811,302.35821436540004,396.73311600927263,0.23620985243055556
324,10.801346236559139,705.3178156407587,504.58571329343243,300.94328574616003,388.58239399269223,0.2381271701388889
325,10.83468372494358,711.8771262563035,497.33428531737286,298.1348643313159,337.7943049999885,0.2386078559027778
326,10.868021213328023,717.5008505025214,503.4337141269492,299.2539457325264,417.0779869891703,0.23944986979166663
327,10.901358701712464,713.0003402010086,501.3734856507797,301.2015782930105,379.54281602287665,0.2400217013888889
328,10.934696190096906,708.9501360804035,502.0493942603119,304.3681481151018,391.9559409841895,0.24175455729166664
329,10.968033678481348,692.3300544321614,532.3197577041248,302.4972592460407,324.9629660276696,0.24244683159722225
330,11.00137116686579,707.4320217728646,497.9279030816498,304.74890369841626,377.81075097154826,0.2412185329861111
331,11.034708655250231,708.9728087091459,487.17116123266004,312.39956147936647,328.8118230411783,0.24139322916666664
332,11.068046143634675,698.3391234836583,478.36846449306404,308.2985861343237,328.60653899842873,0.242939453125
333,11.101383632019116,700.8356493934633,467.3473857972255,307.3839298366986,353.3132369630039,0.24651150173611114
334,11.134721120403558,697.3342597573853,468.93895431889007,305.9535719346795,343.0136240203865,0.2447265625
335,11.168058608788,689.9337039029541,469.57558172755597,300.88142877387173,404.97917402535677,0.24758463541666667
336,11.201396097172442,686.2234815611816,480.33023269102245,297.3525715095486,359.0431949705817,0.25242404513888883
337,11.234733585556883,686.2393926244727,487.6320930764089,292.9410286038194,404.0701710036956,0.25209635416666665
338,11.268071073941325,683.9957570497891,504.0528372305635,281.42641144152776,385.7751159812324,0.25286241319444447
339,11.301408562325767,689.8483028199156,509.1211348922255,283.5705645766111,429.5357040246017,0.2508322482638889
340,11.334746050710208,669.6893211279664,463.1484539568903,273.1782258306444,396.64187002927065,0.25053602430555555
341,11.36808353909465,663.1257284511865,438.7593815827561,264.86445978180143,425.66679703304544,0.24975585937500003
342,11.401421027479092,657.5002913804747,423.0037526331024,261.1957839127206,389.01928398991004,0.24931532118055552
343,11.434758515863534,652.2501165521899,407.70150105324103,259.72831356508823,365.86716800229624,0.24808485243055556
344,11.468096004247975,647.150046620876,404.5806004212963,271.4313625812645,386.65318401763216,0.2522374131944445
345,11.501433492632417,642.8600186483504,410.8322401685184,267.57254503250584,406.9758380064741,0.2505729166666667
346,11.534770981016859,642.6440074593402,425.33289606740755,264.52901801300237,377.58768699131906,0.24970703125
347,11.5681084694013,654.557602983736,452.13315842696306,264.81160720520097,404.57933396101,0.24869683159722222
348,11.601445957785742,656.3230411934944,456.8532633707854,270.9246428820803,386.1807019566186,0.244697265625
349,11.634783446170184,670.5292164773978,440.74130534831426,274.8698571528322,370.3043769928627,0.2443337673611111
350,11.668120934554626,679.2116865909591,443.2965221393256,277.1979428611328,404.71551299560815,0.24453233506944444
351,11.701458422939067,681.1846746363836,453.31860885573036,280.37917714445314,418.8224560348317,0.24486979166666667
352,11.73479591132351,680.4738698545534,463.3274435422922,281.67889996468546,388.05736700305715,0.2456759982638889
353,11.768133399707951,675.6895479418213,464.330977416917,280.6715599858742,382.5086340075359,0.2462174479166667
354,11.801470888092393,670.7758191767286,461.7323909667669,287.76862399434964,397.01234095264226,0.24652669270833333
355,11.834808376476834,665.8103276706914,457.69295638670684,289.1074495977399,400.4310000455007,0.24733181423611109
356,11.868145864861276,663.0741310682766,454.57718255468285,284.39297983909603,380.45505597256124,0.2429134114583333
357,11.901483353245718,658.2296524273107,451.830873021873,284.7571919356384,409.16077996371314,0.24697699652777777
358,11.93482084163016,653.2918609709243,453.73234920874927,287.8258692438335,409.66181899420917,0.24760959201388888
359,11.968158330014601,649.0667443883697,455.9929396834997,287.63034769753335,398.94915698096156,0.24754665798611114
360,12.001495818399043,641.3766977553479,453.8971758733999,286.0521390790133,404.3832800234668,0.2470876736111111
361,12.034833306783487,641.3006791021393,444.05887034936006,285.42085563160526,389.20819002669305,0.2471267361111111
362,12.068170795167928,642.0202716408556,444.623548139744,286.6683422526421,392.199412046466,0.24678602430555555
363,12.10150828355237,639.3081086563423,450.8494192558976,287.91733690105684,425.70305499248207,0.24697591145833334
364,12.134845771936812,636.7232434625369,459.3397677023589,289.9169347604228,469.71727994969115,0.24675021701388888
365,12.168183260321253,634.9392973850148,473.2359070809437,290.7167739041691,422.3808200331405,0.24702582465277778
366,12.201520748705695,633.475718954006,486.29436283237743,293.28670956166764,395.5791800399311,0.24826822916666666
367,12.234858237090137,642.6402875816024,475.01774513295095,295.814683824667,417.8629560046829,0.24780381944444443
368,12.268195725474579,645.556115032641,472.00709805318036,296.0758735298668,401.7597860074602,0.24733723958333337
369,12.30153321385902,645.2224460130562,476.80283922127205,297.6803494119467,393.86760303750634,0.24779188368055552
370,12.334870702243462,643.5889784052226,490.7211356885088,299.0721397647786,394.06263298587874,0.2480805121527778
371,12.368208190627904,642.935591362089,505.28845427540364,298.1288559059114,401.5043700346723,0.24827256944444442
372,12.401545679012346,642.6742365448356,514.1153817101614,300.0015423623646,379.57272899802774,0.24743272569444444
373,12.434883167396787,640.3196946179343,522.1461526840644,301.5006169449458,410.98409198457375,0.24734157986111113
374,12.468220655781229,662.6278778471737,478.8584610736258,305.10024677797827,394.38002899987623,0.24724283854166668
375,12.50155814416567,670.8011511388695,463.0433844294504,309.54009871119126,421.1069189477712,0.24834092881944447
376,12.534895632550112,671.8204604555478,458.2173537717802,313.56603948447645,412.2515740455128,0.24699544270833332
377,12.568233120934554,672.2281841822191,459.28694150871206,320.4264157937905,364.08588400809094,0.2503385416666667
378,12.601570609318996,672.3912736728878,465.7147766034849,326.9205663175162,361.1620489973575,0.24929796006944444
379,12.634908097703438,669.4565094691551,468.285910641394,321.2682265270064,365.66698004025966,0.24907986111111113
380,12.66824558608788,668.2826037876621,469.3143642565576,320.50729061080256,344.83627503504977,0.25024088541666667
381,12.701583074472321,667.8130415150647,475.72574570262304,321.7029162443211,368.0931020062417,0.24741102430555556
382,12.734920562856763,670.6252166060258,484.29029828104933,323.68116649772844,338.3988940040581,0.248740234375
383,12.768258051241204,679.2500866424103,481.7161193124198,325.9724665990914,388.04553501540795,0.24879557291666668
384,12.801595539625646,677.4500346569641,473.1864477249678,327.6389866396365,371.2478110101074,0.24830946180555558
385,12.834933028010088,676.7300138627857,472.7745790899872,329.0555946558547,396.2825599592179,0.24759874131944445
386,12.86827051639453,678.6920055451144,480.10983163599496,325.87223786234176,362.78974398737773,0.24889105902777778
387,12.901608004778971,680.9768022180458,486.043932654398,337.7374053320925,370.7742390106432,0.25035481770833334
388,12.934945493163413,672.8907208872183,509.4175730617592,322.28955805797466,392.18173699919134,0.24821180555555555
389,12.968282981547855,668.1562883548872,521.7670292247037,314.9158232231898,352.80220402637497,0.249248046875
390,13.001620469932298,669.262515341955,538.7068116898815,313.46632928927596,337.22037996631116,0.24945963541666663
391,13.03495795831674,682.455006136782,543.9827246759526,315.1365317157104,356.8560089915991,0.2509874131944445
392,13.068295446701182,700.482002454713,535.593089870381,324.80461268628414,313.9960329863243,0.24932074652777778
393,13.101632935085624,711.4428009818852,542.7372359481525,318.1718450745136,355.3318989579566,0.2504437934027778
394,13.134970423470065,688.8271203927541,500.5948943792609,317.0187380298055,394.3977130111307,0.2478125
395,13.168307911854507,683.5308481571017,497.2379577517043,318.80749521192223,347.698938974645,0.2502452256944444
396,13.201645400238949,682.1623392628408,506.3951831006817,322.5229980847689,349.50221597682685,0.24699761284722224
397,13.23498288862339,682.3649357051363,520.5580732402727,315.00919923390745,352.7199800009839,0.24883897569444446
398,13.268320377007832,691.4459742820545,511.2232292961091,318.75367969356296,376.1492039775476,0.2505436197916666
399,13.301657865392274,702.5783897128218,528.4892917184436,310.5014718774253,334.743624960538,0.24942165798611113
400,13.334995353776716,709.2813558851287,542.8957166873774,307.20058875097016,336.65183099219576,0.2500401475694444
401,13.368332842161157,715.7125423540515,562.158286674951,309.63023550038804,395.68962896009907,0.24977647569444442
402,13.401670330545599,723.5350169416206,574.3633146699804,302.3520942001552,356.631416012533,0.2519965277777778
403,13.43500781893004,704.1640067766482,531.2453258679922,306.1775942348168,364.3321899580769,0.25597222222222227
404,13.468345307314483,699.4156027106592,513.9981303471968,309.6763350720248,418.05951698916033,0.25793077256944447
405,13.501682795698924,700.5162410842638,510.0992521388788,313.62053402880986,365.8948409720324,0.25789062500000004
406,13.535020284083366,700.2064964337055,513.0397008555514,318.9482136115239,324.7407680028118,0.2506597222222222
407,13.568357772467808,698.5825985734823,526.2158803422205,322.5792854446096,378.49837297108024,0.25130750868055557
408,13.60169526085225,698.6830394293929,541.9863521368883,324.7817141778438,342.0668470207602,0.2523914930555555
409,13.635032749236691,703.2232157717572,563.2945408547553,325.6626856711375,360.55831698467955,0.25201063368055554
410,13.668370237621133,683.2892863087028,570.3178163419021,326.7650742684551,317.29081203229725,0.2523795572916666
411,13.701707726005575,699.3157145234812,534.1271265367608,330.9560297073821,339.0568360337056,0.25297851562499996
412,13.735045214390016,707.2262858093925,531.6508506147044,334.88241188295274,334.40704602980986,0.25202256944444446
413,13.768382702774458,700.6405143237571,517.1603402458818,336.45296475318105,380.0926330150105,0.25466688368055557
414,13.8017201911589,698.7562057295029,506.8641360983527,337.0811859012724,382.7418419532478,0.25448676215277777
415,13.835057679543342,699.5024822918012,508.74565443934114,337.3324743605089,385.8469779952429,0.25146918402777774
416,13.868395167927783,698.3009929167204,533.4982617757364,338.18298974420355,408.8118640356697,0.25089843749999996
417,13.901732656312225,697.8203971666882,555.3993047102947,336.27319589768143,384.0747849899344,0.25190538194444445
418,13.935070144696667,699.1281588666753,513.159721884118,335.5092783590725,383.7803970091045,0.2523198784722222
419,13.96840763308111,695.1512635466702,505.26388875364717,336.70371134362904,383.7145059951581,0.2506488715277778
420,14.001745121465552,700.3105054186681,491.60555550145887,337.9314845374515,396.1342289694585,0.2510807291666667
421,14.035082609849994,703.1242021674672,484.64222220058355,333.1725938149806,374.271831009537,0.24935763888888887
422,14.068420098234435,702.7496808669869,487.85688888023344,332.01903752599225,386.21460896683857,0.24962239583333334
423,14.101757586618877,699.5998723467948,498.14275555209343,334.5576150103968,373.58515901723877,0.24841579861111113
424,14.135095075003319,695.339948938718,508.2571022208375,337.82304600415875,373.81597701460123,0.24928385416666665
425,14.16843256338776,705.6359795754872,497.302840888335,339.8792184016636,392.425436002668,0.24836046006944446
426,14.201770051772202,718.0043918301948,473.42113635533394,342.20168736066546,408.39659102493897,0.24872178819444443
427,14.235107540156644,712.4517567320779,478.8684545421336,344.63067494426605,393.69365497259423,0.2478667534722222
428,14.268445028541086,712.4807026928312,491.5473818168533,350.10226997770644,404.5790170202963,0.2469476996527778
429,14.301782516925527,709.4922810771325,505.6189527267413,354.54090799108246,383.61021102173254,0.24521918402777776
430,14.33512000530997,709.0469124308529,515.7475810906965,357.81636319643303,360.74520798865706,0.24142469618055556
431,14.368457493694411,710.3687649723412,522.7990324362787,359.8765452785732,374.2370620020665,0.24131184895833335
432,14.401794982078853,711.6475059889365,536.1196129745116,361.45061811142926,392.2895549912937,0.2405544704861111
433,14.435132470463294,712.1590023955746,553.4478451898044,363.58024724457175,327.25397299509495,0.2393674045138889
434,14.468469958847736,700.3636009582299,536.3791380759219,370.4320988978287,324.09184699645266,0.2381325954861111
435,14.501807447232178,697.8954403832918,528.0516552303687,355.1728395591315,361.28789297072217,0.2370095486111111
436,14.53514493561662,697.6581761533168,529.2206620921474,349.8191358236526,348.22234202874824,0.23796549479166665
437,14.568482424001061,703.5632704613266,544.688264836859,328.1776543294611,351.08488000696525,0.23778645833333334
438,14.601819912385503,705.9253081845306,550.8753059347436,342.02106173178447,341.5641849860549,0.23835937499999998
439,14.635157400769945,704.6201232738123,551.8501223738974,350.55842469271374,330.07271197857335,0.237119140625
440,14.668494889154386,702.5980493095249,543.2400489495589,335.9733698770855,335.82693903008476,0.23712456597222223
441,14.701832377538828,699.53921972381,538.2960195798237,327.1393479508341,327.0800480386242,0.23602864583333336
442,14.73516986592327,694.565687889524,543.8184078319294,326.60573918033367,329.00155696552247,0.23633355034722223
443,14.768507354307712,707.5762751558096,519.0273631327717,323.3922956721334,327.6468560216017,0.23685112847222226
444,14.801844842692153,705.2805100623239,500.1109452531088,314.6069182688533,360.98464496899396,0.23268663194444447
445,14.835182331076595,702.1122040249295,509.0443781012436,315.5927673075414,336.7076250142418,0.23512803819444447
446,14.868519819461037,703.0948816099719,514.1177512404975,312.23710692301654,379.3392250081524,0.23453993055555558
447,14.901857307845479,713.2379526439887,505.6471004961989,312.3948427692065,338.29954400425777,0.23792100694444446
448,14.935194796229922,718.7951810575954,508.25884019847956,317.7079371076825,347.82036498654634,0.23949327256944447
449,14.968532284614364,721.0180724230382,521.3035360793918,312.33317484307304,334.0896760346368,0.23709960937500002
450,15.001869772998806,719.6572289692153,537.0214144317567,307.1832699372292,378.5555260255933,0.2420735677083333
451,15.035207261383247,702.6128915876861,531.3085657727028,303.62330797489165,345.59845499461517,0.24259765625
452,15.068544749767689,694.2951566350745,538.0234263090811,314.94932318995666,360.42022303445265,0.24250542534722222
453,15.10188223815213,699.9680626540298,555.7093705236324,307.4797292759827,362.16302297543734,0.24295898437500002
454,15.135219726536572,702.987225061612,567.2837482094529,308.1157714537109,385.8852790435776,0.243271484375
455,15.168557214921014,701.9448900246448,573.4134992837812,304.7463085814844,373.83486895123497,0.24381510416666669
456,15.201894703305456,702.2779560098579,580.3653997135125,314.57870267366286,353.1720140017569,0.24249891493055556
457,15.235232191689898,703.9111824039433,595.1461598854048,319.3314810694651,318.1487820111215,0.24269422743055558
458,15.26856968007434,704.5644729615772,616.0584639541619,323.482592427786,337.01563597423956,0.24057725694444446
459,15.301907168458781,707.075789184631,634.9233855816648,326.64303697111444,364.3877719878219,0.24339301215277775
460,15.335244656843223,707.3303156738524,646.9693542326659,326.40721478844574,324.12390800891444,0.2463151041666667
461,15.368582145227665,671.432126269541,585.7877416930663,327.81288591537816,374.11025300389156,0.24732964409722222
462,15.401919633612106,687.0728505078164,498.31509667722656,329.8751543661512,340.4673549812287,0.2491753472222222
463,15.435257121996548,690.3291402031266,472.3260386708905,331.45006174646045,371.069738001097,0.25155273437500003
464,15.46859461038099,693.8816560812506,478.4304154683562,329.0800246985842,330.7276369887404,0.2498882378472222
465,15.501932098765431,693.0526624325001,491.3721661873424,329.63200987943367,334.147475019563,0.2526030815972222
466,15.535269587149873,689.721064973,502.5488664749369,332.8528039517734,368.11134102754295,0.2525813802083333
467,15.568607075534315,685.3884259892,510.01954658997477,328.1411215807093,368.68653196142986,0.2557931857638889
468,15.601944563918757,681.4053703956799,517.5078186359899,330.75644863228376,419.39685301622376,0.2536436631944444
469,15.635282052303198,682.062148158272,504.00312745439584,331.0525794529135,390.2023689588532,0.256337890625
470,15.66861954068764,680.0748592633088,494.1012509817584,330.4210317811655,368.6949579860084,0.2544498697916666
471,15.701957029072082,677.0299437053236,497.6405003927034,327.91841271246625,406.8885709857568,0.25417534722222224
472,15.735294517456524,672.8119774821295,520.0562001570814,328.4173650849865,380.8280969969928,0.2519032118055556
473,15.768632005840965,671.8747909928518,542.5224800628326,327.8669460339945,330.9494369896129,0.25062282986111106
474,15.801969494225407,653.4999163971406,521.5089920251329,326.14677841359776,345.6234899931587,0.2504774305555555
475,15.835306982609849,665.6499665588564,501.1035968100531,327.70871136543906,363.2703759940341,0.24896267361111107
476,15.868644470994292,671.2599866235425,500.44143872402117,329.0834845461756,344.8976749787107,0.24968641493055557
477,15.901981959378734,662.2539946494169,486.67657548960835,331.88339381847015,349.7521849931218,0.25044162326388886
478,15.935319447763176,659.4015978597668,476.67063019584333,327.75335752738806,334.85291799297556,0.24686957465277776
479,15.968656936147617,660.5106391439067,543.1682520783372,323.8513430109552,332.5756270205602,0.24681749131944447
480,16.001994424532057,678.9542556575627,524.767300831335,320.7905372043821,361.28177295904607,0.24706488715277775
481,16.0353319129165,684.081702263025,515.9069203325339,319.5662148817528,373.30271798418835,0.24857855902777778
482,16.06866940130094,667.3826809052099,495.86276813301356,309.3264859527012,386.63523900322616,0.2503732638888889
483,16.102006889685384,657.703072362084,502.84510725320547,299.2305943810805,383.8500080164522,0.24885633680555558
484,16.135344378069824,650.0812289448336,504.1380429012821,292.9422377524322,351.1674310429953,0.24839192708333335
485,16.168681866454268,649.2824915779335,497.15521716051285,294.92689510097284,333.3362080156803,0.24997178819444446
486,16.202019354838708,648.9629966311734,503.36208686420514,305.4707580403892,413.8325119856745,0.2511990017361111
487,16.23535684322315,641.3351986524694,514.8448347456821,294.68830321615565,369.8515330324881,0.2553819444444444
488,16.26869433160759,654.0340794609879,472.93793389827283,298.60252192288704,362.81418497674167,0.2546527777777778
489,16.302031819992035,653.113631784395,450.1751735593092,301.6910087691548,360.6469759833999,0.2511165364583333
490,16.335369308376475,650.495452713758,439.57006942372374,295.410692882375,372.51685798401013,0.25084201388888894
491,16.368706796760918,640.4481810855032,459.3280277694895,300.12056140306476,327.738001011312,0.24990451388888887
492,16.40204428514536,634.9292724342014,473.23121110779584,297.0788082249335,346.8691429588944,0.24871310763888888
493,16.4353817735298,625.9717089736805,483.29248444311827,294.33152328997346,329.8012060113251,0.2529318576388889
494,16.468719261914245,623.1386835894722,500.8169937772473,291.7326093159894,370.54159597028047,0.2535308159722222
495,16.502056750298685,622.0054734357889,519.8267975108989,289.1930437263958,370.66693301312625,0.2549913194444444
496,16.53539423868313,623.0521893743155,530.4307190043595,281.4272174905583,391.475934011396,0.2558767361111111
497,16.56873172706757,620.4708757497261,483.67228760174373,278.3208869962233,337.87237596698105,0.25811631944444446
498,16.602069215452012,620.9383502998904,485.9689150406974,270.32835479848933,343.48299098201096,0.25927408854166667
499,16.635406703836452,633.1253401199561,516.887566016279,268.6313419193958,341.71279100701213,0.25879231770833333
500,16.668744192220895,644.0001360479824,532.2550264065117,269.4525367677584,331.43657201435417,0.25518337673611113
501,16.702081680605335,650.600054419193,533.9020105626046,272.0310147071034,351.9692799891345,0.25553168402777776
502,16.73541916898978,651.7400217676771,528.5608042250418,270.0624058828414,316.62213895469904,0.2544694010416666
503,16.76875665737422,646.9460087070709,515.9243216900167,268.96297816604476,321.0703130462207,0.25423394097222224
504,16.802094145758662,643.5284034828284,507.86972867600673,268.08519126641795,357.4285740032792,0.25554687499999995
505,16.835431634143102,638.4113613931313,500.14789147040267,264.73407650656725,330.0685649737716,0.25593424479166665
506,16.868769122527546,633.3645445572527,491.05915658816116,266.67159759060075,369.9360250029713,0.255615234375
507,16.902106610911986,631.345817822901,493.42366263526446,269.41863903624017,471.5929449885152,0.2559212239583333
508,16.93544409929643,625.2883271291604,492.8694650541057,269.76745561449604,375.9686749544926,0.2547515190972222
509,16.96878158768087,642.3653308516641,540.6477860216423,278.1569822457984,378.37377400137484,0.25856553819444444
510,17.002119076065313,650.6961323406656,574.7591144086568,282.2627928983194,374.0319869830273,0.25724500868055555
511,17.035456564449753,653.2784529362663,523.9036457634628,270.4051171593277,347.1626329701394,0.2573958333333334
512,17.068794052834196,654.3113811745064,509.56145830538503,267.16204686373106,360.7596069923602,0.2556032986111111
513,17.102131541218636,653.2245524698026,497.82458332215407,261.36481874549236,366.345024027396,0.2559418402777778
514,17.13546902960308,656.539820987921,488.6298333288616,282.29592749819705,418.8327520387247,0.2552202690972222
515,17.16880651798752,663.8659283951683,469.9519333315447,288.0008578759007,362.5420850003138,0.25583116319444443
516,17.202144006371963,667.5463713580673,457.98077333261773,290.70034315036025,358.8545930106193,0.2564778645833333
517,17.235481494756403,669.7685485432269,448.6923093330471,302.9469393598846,345.1086800196208,0.25686089409722224
518,17.268818983140847,663.9074194172907,443.47692373321877,292.9287757439539,411.29220998845994,0.25669270833333335
519,17.302156471525286,657.8129677669164,445.89076949328756,279.1715102975816,407.6680649886839,0.2563812934027778
520,17.33549395990973,651.6251871067665,454.35630779731497,273.6686041190326,426.68523301836103,0.2563791232638889
521,17.368831448294173,656.6500748427065,445.74252311892593,278.96744164761304,388.1823319825344,0.2559689670138889
522,17.402168936678613,664.6600299370825,442.2970092475704,277.33697665904526,368.05256898514926,0.2536794704861111
523,17.435506425063057,672.364011974833,440.9188036990281,278.9347906636181,354.0688760112971,0.2546625434027777
524,17.468843913447497,673.9456047899332,440.36752147961124,281.82391626544734,370.6219419836998,0.25536458333333334
525,17.50218140183194,672.3282419159733,435.64700859184455,285.2295665061789,332.1891149971634,0.250595703125
526,17.53551889021638,670.9312967663893,429.2588034367379,289.5918266024715,363.39660198427737,0.2510861545138889
527,17.568856378600824,667.3725187065556,429.70352137469513,283.83673064098866,393.75458098948,0.2512109375
528,17.602193866985264,653.9490074826223,450.88140854987813,285.2846922563955,400.30690300045535,0.2500509982638889
529,17.635531355369707,638.829602993049,472.85256341995137,286.6138769025582,363.1156939663924,0.2485329861111111
530,17.668868843754147,610.2818411972196,532.6410253679805,286.8353820861362,352.1693459479138,0.24702799479166665
531,17.70220633213859,592.1127364788878,576.0564101471921,290.98415283445456,336.27530495868996,0.2452734375
532,17.73554382052303,599.0950945915552,558.9225640588769,294.1436611337818,360.4314519907348,0.24434678819444441
533,17.768881308907474,603.3880378366222,558.0690256235508,298.4074644535127,379.69939497997984,0.24277886284722222
534,17.802218797291914,618.6052151346488,530.7276102494204,298.92452609948214,397.68555300543085,0.240224609375
535,17.835556285676358,610.4420860538595,494.2910440997681,300.31981043979283,355.33525102073327,0.2426410590277778
536,17.868893774060798,628.1768344215438,512.7164176399073,302.0467093307164,423.1089820386842,0.24165147569444442
537,17.90223126244524,639.0207337686174,518.5865670559629,304.5686837322867,351.6209740191698,0.23966145833333333
538,17.93556875082968,645.608293507447,525.4346268223852,308.57747349291463,362.3453369946219,0.23890407986111112
539,17.968906239214125,653.4933174029788,529.6738507289541,313.9761871472587,381.9415320176631,0.23919270833333334
540,18.002243727598565,658.8973269611915,535.8695402915816,319.84047485890346,365.33669603522867,0.2366720920138889
541,18.035581215983008,659.5589307844767,547.3478161166328,325.1861899435615,420.0768310111016,0.23624891493055555
542,18.068918704367448,650.0735723137906,580.4391264466531,331.0744759774245,386.54644100461155,0.23387586805555555
543,18.10225619275189,646.2794289255163,611.6756505786612,337.1797903909698,410.71037796791643,0.22854275173611108
544,18.13559368113633,650.7617715702065,558.1702602314645,341.1219161563879,357.5851580244489,0.22847113715277775
545,18.168931169520775,649.5547086280826,545.7681040925859,345.6987664625552,354.8961030319333,0.22642903645833332
546,18.202268657905215,649.071883451233,543.8072416370344,349.0295065850221,361.25442798947915,0.22463975694444444
547,18.23560614628966,651.1287533804932,544.5228966548137,349.61180263400877,430.8647880097851,0.22411783854166664
548,18.2689436346741,653.4515013521973,544.8091586619255,352.8447210536035,376.44099100725725,0.22359809027777777
549,18.302281123058542,657.380600540879,550.9236634647704,356.3878884214414,339.83012998942286,0.22200303819444442
550,18.335618611442985,664.9522402163516,562.3694653859081,359.3051553685765,369.44937898078933,0.22165690104166666
551,18.368956099827425,681.4808960865406,554.9477861543631,363.4720621474306,360.477049020119,0.21831922743055554
552,18.40229358821187,689.5923584346162,560.9791144617453,367.38882485897227,337.7242269925773,0.21547309027777775
553,18.43563107659631,693.5869433738465,570.891645784698,370.4555299435889,321.15746900672093,0.2129817708333333
554,18.468968564980752,700.4347773495385,579.3566583138792,371.6822119774356,349.19806994730607,0.20985026041666666
555,18.502306053365192,705.4239109398154,590.2426633255516,376.6728847909742,305.9942370164208,0.20579752604166668
556,18.535643541749636,707.419564375926,609.5970653302206,384.66915391638963,345.9112119744532,0.20171766493055557
557,18.568981030134076,685.7178257503705,587.3388261320882,386.36766156655585,343.14503002678975,0.19789171006944445
558,18.60231851851852,674.0371303001482,590.4355304528353,384.41235341784034,346.7345520039089,0.19356553819444444
559,18.63565600690296,686.6148521200593,566.1742121811341,389.2649413671362,369.0873449668288,0.19068576388888886
560,18.668993495287403,696.1459408480238,577.4696848724535,396.45597654685446,376.2136999866925,0.18827148437500002
561,18.702330983671843,698.4583763392095,602.9878739489812,390.7483228307554,353.5225479863584,0.1864138454861111
562,18.735668472056286,708.3833505356838,631.1951495795926,396.29932913230215,324.6733319829218,0.185185546875
563,18.769005960440726,701.8533402142735,615.4780598318371,388.7697316529209,339.31635302724317,0.18180121527777782
564,18.80234344882517,704.4913360857093,592.6912239327347,401.5078926611684,347.2434600116685,0.17929578993055556
565,18.83568093720961,705.5465344342838,556.5764895730939,394.6031570644674,354.92759896442294,0.17806206597222224
566,18.869018425594053,702.2186137737134,528.6305958292376,392.591262825787,321.01124397013336,0.1752582465277778
567,18.902355913978493,721.8874455094854,520.4522383316951,412.2497441777095,338.4310890105553,0.17458007812499998
568,18.935693402362936,711.0049782037942,557.680895332678,427.39989767108386,356.8475290085189,0.17379774305555554
569,18.969030890747376,708.9019912815178,577.0723581330712,435.7099590684336,324.03413602150977,0.17230577256944446
570,19.00236837913182,713.3107965126071,595.3289432532284,433.78398362737335,300.9141840157099,0.17041232638888887
571,19.03570586751626,704.5743186050429,584.6315773012916,426.2635934509493,338.2190429838374,0.17048936631944445
572,19.069043355900703,697.3297274420172,590.8526309205166,421.0054373803798,307.45978804770857,0.17130859375000002
573,19.102380844285143,696.6818909768068,612.8410523682065,432.21563338842924,303.34347899770364,0.16857204861111108
574,19.135718332669587,681.4227563907227,615.6364209472825,431.1108699808608,294.9977699900046,0.16725368923611114
575,19.169055821054027,672.3191025562892,616.7545683789131,414.6943479923443,317.3589810030535,0.17051866319444442
576,19.20239330943847,663.4276410225157,612.7018273515652,443.3777391969377,336.5930749569088,0.16635742187499997
577,19.235730797822914,685.3710564090063,575.0807309406262,423.35109567877504,356.9998180028051,0.16878906249999998
578,19.269068286207354,703.1484225636025,554.0322923762503,445.5484727845745,440.2029450284317,0.1715353732638889
579,19.302405774591797,708.759369025441,554.6129169505002,448.96938911382983,367.9039879934862,0.1726703559027778
580,19.335743262976237,699.0037476101764,590.8451667802002,429.0044701234417,396.3988490286283,0.16861653645833335
581,19.36908075136068,695.1014990440706,623.33806671208,408.9970448412108,352.55327296908945,0.16886176215277782
582,19.40241823974512,686.7905996176282,622.835226684832,413.9896892949989,366.0223230253905,0.17017469618055553
583,19.435755728129564,680.4662398470514,625.6340906739329,433.15120599141335,346.03881696239114,0.17267469618055556
584,19.469093216514004,677.9364959388205,626.753636269573,443.57051443516013,393.3428429882042,0.17524305555555555
585,19.502430704898448,671.6745983755283,625.7014545078292,435.42820577406405,326.85815199511126,0.17637586805555555
586,19.535768193282887,675.1698393502113,598.2805818031318,438.92128230962567,328.6913849879056,0.17523111979166667
587,19.56910568166733,678.0679357400845,596.3122327212527,436.5685129238502,358.0994229996577,0.17528103298611108
588,19.60244317005177,681.4771742960338,600.024893088501,438.8334917515399,328.867047035601,0.17609809027777776
589,19.635780658436214,684.3408697184135,607.5099572354004,436.600962067816,340.69325000746176,0.1747439236111111
590,19.669118146820654,674.9863478873654,637.5039828941601,434.89038482712635,327.7956380043179,0.173759765625
591,19.702455635205098,668.9945391549462,660.001593157664,436.45615393085046,302.6117929839529,0.172333984375
592,19.735793123589538,671.0978156619785,648.0006372630656,431.0824615723402,293.08178200153634,0.17462022569444446
593,19.76913061197398,683.9391262647914,658.2002549052264,432.6829846289361,323.440367996227,0.173173828125
594,19.80246810035842,679.3256505059167,654.7801019620906,429.5731938515745,361.2735850038007,0.17066623263888886
595,19.835805588742865,669.9802602023667,653.4120407848363,429.4293689557277,385.06463600788265,0.1694683159722222
596,19.869143077127305,660.9921040809467,657.3648163139344,434.431711016252,378.41838801978156,0.1725846354166667
597,19.90248056551175,652.1468416323786,666.4459265255738,440.02268440650084,353.99484098888934,0.17311089409722222
598,19.935818053896188,690.6087366529514,661.0783706102295,449.32705989074464,338.6272849747911,0.1730609809027778
599,19.96915554228063,707.4934946611804,661.9313482440917,451.70362950504,337.8107330063358,0.17360243055555555
600,20.00249303066507,684.2473978644722,644.2725392976365,452.931451802016,378.96686600288376,0.1739409722222222
601,20.035830519049515,674.9489591457889,643.2090157190546,452.6725807208064,342.67992101376876,0.17433702256944444
602,20.069168007433955,671.2295836583155,654.7836062876219,451.06903228832255,379.00454603368416,0.17163845486111107
603,20.1025054958184,660.7418334633262,686.4134425150487,440.67761291532895,335.88203199906275,0.1697417534722222
604,20.13584298420284,664.7967333853305,682.5653770060194,436.52104516613156,307.68506100866944,0.16866861979166664
605,20.169180472587282,672.4186933541321,684.0261508024076,437.10841806645266,349.2175260325894,0.16777777777777775
606,20.202517960971726,667.217477341653,674.110460320963,438.093367226581,306.6674749716185,0.16767903645833332
607,20.235855449356166,672.6369909366612,610.1441841283852,431.7373468906324,312.8988349926658,0.16749240451388892
608,20.26919293774061,695.8047963746645,641.557673651354,434.78248475102487,303.79397404612973,0.16615559895833337
609,20.30253042612505,703.5719185498658,675.1230694605415,442.41299390041,323.99264903506264,0.16609483506944445
610,20.335867914509492,686.4287674199463,672.0492277842166,440.9642823565006,301.512632984668,0.16389322916666665
611,20.369205402893932,680.3215069679786,681.3196911136866,447.1357129426002,307.8777330229059,0.16583984375
612,20.402542891278376,683.8786027871913,682.0278764454746,457.8542851770401,301.54594295891,0.1680219184027778
613,20.435880379662816,686.0514411148765,683.8111505781898,460.407196172864,327.01486098812893,0.16787434895833334
614,20.46921786804726,693.6705764459507,692.0244602312757,470.6628784691456,335.0923460093327,0.16696072048611113
615,20.5025553564317,686.9682305783804,675.8097840925103,477.91403138117187,399.4309729896486,0.1665787760416667
616,20.535892844816143,687.2872922313522,672.3239136370041,478.8222282781704,345.60288302600384,0.16521484375
617,20.569230333200583,693.4149168925409,670.9295654548018,478.0288913112681,317.2630480257794,0.1656770833333333
618,20.602567821585026,696.6159667570163,677.8718261819208,467.71896968881015,315.1427630218677,0.1656814236111111
619,20.635905309969466,699.3963867028066,686.6487304727683,459.33758787552415,355.0139760482125,0.1648806423611111
620,20.66924279835391,703.5085546811226,678.1594921891074,444.73503515020957,327.67851499374956,0.16631076388888888
621,20.70258028673835,705.903421872449,664.2637968756429,438.14401406008386,337.07844599848613,0.16538845486111114
622,20.735917775122793,715.1113687489795,639.2055187502572,447.5076056240336,365.7816399936564,0.1660112847222222
623,20.769255263507233,705.2945474995918,620.1822075001029,446.0030422496134,391.8994290288538,0.16464735243055556
624,20.802592751891677,700.6178189998367,623.0728830000411,463.40121689984534,368.68268297985196,0.1676584201388889
625,20.835930240276117,700.9971275999349,625.7291532000165,478.412774934337,348.00053999060765,0.16782660590277776
626,20.86926772866056,705.648851039974,629.7916612800067,461.61893377554054,366.4938249858096,0.17096788194444446
627,20.902605217045,700.7595404159895,638.9166645120026,437.83767788159,403.79370900336653,0.17382486979166667
628,20.935942705429444,697.3038161663959,642.5666658048011,428.119143311489,402.6902240002528,0.17601453993055555
629,20.969280193813884,697.4215264665584,650.0266663219204,431.5540284610544,360.8735679881647,0.17975694444444443
630,21.002617682198327,698.9686105866233,668.0106665287683,441.1216113844218,389.1934209968895,0.17938910590277776
631,21.035955170582767,688.3374442346494,655.7042666115071,442.69864455376876,328.9655970293097,0.18021050347222223
632,21.06929265896721,690.8349776938597,637.281706644603,444.1424229933698,385.7504600309767,0.1837250434027778
633,21.10263014735165,709.0839910775439,595.4126826578412,443.13178312860293,399.67766095651314,0.1841720920138889
634,21.135967635736094,714.8835964310174,584.6650730631363,442.00271325144115,378.3669149852358,0.18430989583333335
635,21.169305124120537,718.703438572407,595.3660292252545,442.3010853005765,364.8461929988116,0.18221028645833334
636,21.202642612504977,717.2313754289628,611.6464116901019,443.1704341202306,416.1530529963784,0.18246527777777777
637,21.23598010088942,712.8925501715851,619.6585646760408,427.7681736480922,391.1302799824625,0.183671875
638,21.26931758927386,703.6570200686342,643.8634258704162,442.60726945923693,390.1660419651307,0.18416775173611113
639,21.302655077658304,702.9628080274535,647.5453703481664,439.5429077836948,392.625025997404,0.18476453993055553
640,21.335992566042744,694.4351232109814,659.5181481392666,442.06716311347793,381.89724599942565,0.1845486111111111
641,21.369330054427188,683.5240492843925,682.3072592557065,445.3268652453911,375.6248359568417,0.1841482204861111
642,21.402667542811628,699.409619713757,638.9229037022826,452.63074609815646,391.30227401619777,0.18209743923611113
643,21.43600503119607,707.2638478855027,621.5691614809131,465.3022984392626,352.6253839954734,0.18118164062500003
644,21.46934251958051,714.1555391542012,607.1276645923652,462.87091937570506,369.93333901045844,0.18181857638888888
645,21.502680007964955,695.9122156616804,649.351065836946,460.398367750282,349.9991709832102,0.1809787326388889
646,21.536017496349395,705.1148862646721,648.2404263347785,453.40934710011277,375.0281140091829,0.18161675347222223
647,21.569354984733838,713.2959545058688,650.7961705339113,452.86373884004513,388.2177250343375,0.18393663194444448
648,21.602692473118278,703.8183818023475,671.3184682135646,452.6454955360181,347.4383049760945,0.18632378472222222
649,21.63602996150272,679.777352720939,666.0273872854258,439.05819821440724,370.28240598738194,0.18874240451388885
650,21.66936744988716,678.4109410883755,686.4109549141704,434.3732792857629,357.7099399990402,0.18970377604166666
651,21.702704938271605,704.1143764353502,651.0643819656682,430.99931171430524,356.3884080504067,0.19295464409722218
652,21.736042426656045,716.6457505741402,638.4257527862673,429.64972468572205,350.71264900034294,0.19185221354166668
653,21.76937991504049,711.908300229656,625.8703011145069,433.6098898742888,363.6958420393057,0.19337999131944444
654,21.80271740342493,702.5133200918624,632.8481204458027,420.9439559497154,351.44921200117096,0.19255316840277778
655,21.836054891809372,692.0053280367449,637.139248178321,415.87758237988623,361.9848130038008,0.19026584201388885
656,21.869392380193812,686.3021312146981,653.8556992713285,413.8510329519544,358.76324598211795,0.18730577256944447
657,21.902729868578255,681.7708524858792,668.0422797085315,404.79041318078174,395.44574898900464,0.18425564236111108
658,21.936067356962695,681.4583409943518,667.7169118834126,417.6661652723128,359.5089190057479,0.18189887152777778
659,21.96940484534714,722.5833363977406,636.086764753365,400.7512618522765,364.7356959991157,0.18074001736111112
660,22.00274233373158,733.7833345590963,618.934705901346,404.8005047409107,355.79685401171446,0.17483181423611113
661,22.036079822116022,733.7633338236385,639.0738823605384,437.550634577428,357.0865729707293,0.1739670138888889
662,22.069417310500462,731.5053335294555,654.6295529442153,447.2702538309711,356.81398498127237,0.1762858072916667
663,22.102754798884906,725.352133411782,662.3518211776861,440.6581015323884,350.45233299024403,0.17667317708333335
664,22.13609228726935,716.8908533647129,659.4407284710745,445.51324061295537,329.3480959837325,0.1776486545138889
665,22.16942977565379,711.2563413458852,668.7762913884297,427.9552962451821,359.46334700565785,0.17665581597222224
666,22.202767264038233,723.252536538354,638.010516555372,426.18211849807284,349.89748703083023,0.17567165798611112
667,22.236104752422673,725.8010146153415,624.2042066221488,432.2228473992292,341.57298202626407,0.17451497395833335
668,22.269442240807116,729.8204058461365,615.6816826488596,431.6391389596917,352.7064229710959,0.174140625
669,22.302779729191556,739.6781623384547,619.7726730595439,432.68696385673815,322.7577820071019,0.17309461805555554
670,22.336117217576,757.1212649353818,612.4090692238176,429.5747855426953,328.3072919584811,0.17037651909722223
671,22.36945470596044,765.5985059741528,621.463627689527,437.87490489342036,365.42496603215113,0.16903754340277777
672,22.402792194344883,764.4894023896611,616.0854510758109,433.8999619573682,320.2283770078793,0.16939995659722223
673,22.436129682729323,775.2957609558645,636.4341804303243,429.30998478294725,348.35855301935226,0.16633680555555558
674,22.469467171113767,783.3683043823459,658.0736721721298,428.9739939131789,354.60350703215227,0.16478515625
675,22.502804659498207,790.3473217529383,674.229468868852,429.58959756527156,358.76781604019925,0.16401692708333332
676,22.53614214788265,793.8889287011752,688.1917875475409,425.3358390261086,356.8022370454855,0.16590711805555555
677,22.56947963626709,772.05557148047,656.2767150190165,428.8843356104435,397.0135640120134,0.16902994791666665
678,22.602817124651533,764.072228592188,603.0106860076066,434.80373424417735,349.99470703769475,0.17164388020833332
679,22.636154613035973,768.3788914368752,563.7042744030427,440.171493697671,372.9437529691495,0.1757454427083333
680,22.669492101420417,772.3515565747502,555.4817097612171,433.3185974790684,360.9275379567407,0.17987196180555556
681,22.702829589804857,771.6906226299001,580.6926839044869,431.32743899162733,378.20724199991673,0.18319444444444444
682,22.7361670781893,771.4262490519602,602.7770735617947,419.28097559665093,321.1700180545449,0.18583441840277778
683,22.76950456657374,768.320499620784,647.6108294247181,415.2123902386604,333.41364801162854,0.18891384548611112
684,22.802842054958184,755.8281998483136,649.0443317698873,409.08495609546424,311.3001780002378,0.1903081597222222
685,22.836179543342624,753.8312799393254,616.6177327079549,407.38398243818574,333.8089439785108,0.1877962239583333
686,22.869517031727067,753.7825119757301,614.147093083182,410.4535929752744,325.4143809899688,0.1878092447916667
687,22.902854520111507,756.7630047902921,622.1588372332727,410.9314371901097,363.91605099197477,0.187119140625
688,22.93619200849595,719.7052019161168,563.8635348933091,413.37257487604387,344.8090180172585,0.18729600694444445
689,22.96952949688039,713.1320807664468,560.0454139573237,409.8490299504174,319.40053903963417,0.18531901041666665
690,23.002866985264834,707.5028323065787,579.5181655829296,410.68961198016694,346.0936410119757,0.18427191840277776
691,23.036204473649274,705.2511329226315,590.3072662331718,409.5258447920668,338.6387130012736,0.18757161458333332
692,23.069541962033718,706.6004531690527,602.1229064932687,402.31033791682665,328.959817008581,0.19123480902777776
693,23.10287945041816,708.6401812676211,615.8491625973077,400.1741351667308,330.1944949780591,0.19279188368055553
694,23.1362169388026,721.4560725070485,615.3396650389232,400.06965406669235,345.46941303415224,0.19549153645833334
695,23.169554427187045,727.3324290028194,616.6358660155693,403.0278616266769,380.2486219792627,0.19722656250000004
696,23.202891915571485,727.4329716011277,594.6543464062277,398.2111446506707,340.07543098414317,0.1960405815972222
697,23.236229403955928,735.7231886404511,587.3617385624909,395.5344578602683,344.4716220255941,0.19713650173611114
698,23.269566892340368,741.2892754561803,591.9446954249963,404.50769814893766,402.05299900844693,0.19703342013888892
699,23.30290438072481,743.5157101824722,596.7778781699985,408.55307925957504,421.65590199874714,0.194833984375
700,23.33624186910925,735.4062840729889,574.7111512679994,396.67123170383,337.00530900387093,0.19215711805555558
701,23.369579357493695,737.4125136291956,576.3844605071997,401.62568212122295,337.6600320334546,0.19455837673611115
702,23.402916845878135,733.7150054516782,577.0537842028798,414.1502728484892,349.54343002755195,0.19460069444444444
703,23.43625433426258,728.4860021806713,575.821513681152,414.7004168546431,317.972763965372,0.194873046875
704,23.46959182264702,725.6444008722685,594.8286054724608,415.29769255453937,400.4929770017043,0.19445421006944444
705,23.502929311031462,726.7577603489075,609.9314421889844,418.11907702181577,349.9814160168171,0.19477973090277775
706,23.536266799415902,728.703104139563,615.9725768755937,412.55806893199644,349.7075900086202,0.19600043402777778
707,23.569604287800345,733.2312416558252,601.8890307502376,406.1808987939685,323.55502096470445,0.19601128472222223
708,23.602941776184785,729.79249666233,591.755612300095,400.2223595175874,318.31735000014305,0.19587239583333335
709,23.63627926456923,735.166998664932,580.2022449200379,403.0889438070349,344.2438429920003,0.19717339409722223
710,23.66961675295367,741.8167994659727,575.580897968015,403.48557752281397,330.01191302901134,0.19639756944444448
711,23.702954241338112,760.2267197863889,575.232359187206,397.6442310091257,330.5091609945521,0.19735785590277777
712,23.736291729722552,769.0906879145557,572.0929436748825,403.5576924036502,343.50886300671846,0.199873046875
713,23.769629218106996,759.8862751658223,572.337177469953,409.67307696146014,354.3924709665589,0.19784613715277777
714,23.802966706491436,748.7045100663289,557.4348709879813,399.36923078458403,372.50396702438593,0.19933376736111108
715,23.83630419487588,747.2318040265316,557.4739483951925,392.9976923138336,352.8550930204801,0.20229600694444447
716,23.86964168326032,751.1427216106126,566.4895793580771,394.9490769255335,355.57212901767343,0.20717447916666668
717,23.902979171644763,751.207088644245,576.0958317432307,398.72963077021336,337.2562909498811,0.21002929687500002
718,23.936316660029203,748.2328354576981,591.9383326972924,401.7418523080854,360.0105600198731,0.21011827256944443
719,23.969654148413646,742.5431341830791,616.2753330789169,378.94674092323413,346.44370002206415,0.20993272569444443
720,24.002991636798086,738.0172536732317,579.5101332315668,377.6038184200082,338.1671759998426,0.2080002170138889
721,24.03632912518253,735.4569014692927,566.3040532926267,366.6314785477175,347.32409997377545,0.20894097222222224
722,24.069666613566973,730.6827605877172,559.5216213170506,370.9025914190869,362.9039489896968,0.2084125434027778
723,24.103004101951413,725.0231042350869,561.3086485268204,362.11103656763464,427.82182298833504,0.20766059027777778
724,24.136341590335856,725.0092416940347,575.5234594107282,366.0944146270539,356.3712569884956,0.20732313368055555
725,24.169679078720296,743.7536966776139,570.7093837642913,370.6877658508215,307.03768599778414,0.20527560763888889
726,24.20301656710474,749.0014786710456,579.2837535057165,373.76914524024835,304.70901797525585,0.2032693142361111
727,24.23635405548918,754.8505914684182,578.2135014022866,373.11004253613146,332.94323296286166,0.2088400607638889
728,24.269691543873623,751.1902365873673,559.7854005609146,369.7440170144526,288.3238740032539,0.20893988715277778
729,24.303029032258063,745.2260946349469,546.4141602243659,366.1476068057811,334.21681699110195,0.21063368055555554
730,24.336366520642507,737.5904378539788,533.5656640897463,360.95904272231246,368.26657701749355,0.2129578993055556
731,24.369704009026947,735.2861751415915,541.9262656358985,354.383617088925,337.5705759972334,0.2148708767361111
732,24.40304149741139,729.8644700566365,560.2705062543594,352.50344683557,357.7282909536734,0.2178200954861111
733,24.43637898579583,713.4457880226546,569.1082025017437,339.00137873422796,334.8968619829975,0.21694552951388887
734,24.469716474180274,706.1283152090618,568.1432810006975,335.10055149369117,333.9924869942479,0.216552734375
735,24.503053962564714,710.7013260836248,513.7573124002791,341.79022059747655,334.8140009911731,0.2148871527777778
736,24.536391450949157,711.7805304334499,499.5029249601116,333.21608823899055,329.99453000957146,0.21631944444444445
737,24.569728939333597,709.9622121733798,501.3011699840446,331.2864352955963,309.5901120104827,0.21870334201388889
738,24.60306642771804,712.234884869352,505.0204679936178,334.26457411823856,302.6738879852928,0.22076063368055557
739,24.63640391610248,710.1439539477408,515.5081871974472,329.45582964729545,313.2190380129032,0.21824544270833335
740,24.669741404486924,699.5575815790962,521.2032748789788,331.33513561649295,307.8066729940474,0.21984809027777777
741,24.703078892871364,693.0730326316384,527.9813099515916,326.76293274356726,329.09143302822486,0.22187282986111112
742,24.736416381255808,689.7292130526555,535.1925239806366,337.70517309742695,300.8618230232969,0.22388671875
743,24.769753869640248,687.6416852210622,530.5770095922547,336.8320692389708,338.2387139718048,0.22505208333333335
744,24.80309135802469,683.806674088425,525.7308038369019,345.4828276955883,312.13048502104357,0.22902669270833334
745,24.83642884640913,679.27266963537,511.7923215347608,342.9431310782353,324.63197404285893,0.23122287326388888
746,24.869766334793574,693.959067854148,533.2169286139043,336.67725243129416,302.3823809926398,0.23237521701388889
747,24.903103823178014,681.8336271416592,505.7867714455617,329.6709009725177,315.5951719963923,0.2367111545138889
748,24.936441311562458,670.2334508566637,523.3147085782247,320.11836038900697,346.0219110129401,0.238193359375
749,24.969778799946898,681.3433803426653,498.82588343128975,314.0473441556028,324.7318899957463,0.24042209201388887
750,25.00311628833134,673.0373521370661,475.53035337251595,309.36893766224114,315.860693983268,0.24188802083333336
751,25.036453776715785,666.7149408548264,466.2121413490063,305.9975750648964,330.5821889662184,0.2436328125
752,25.069791265100225,662.6859763419305,441.4848565396025,306.1490300259585,325.8048609714024,0.24578016493055557
753,25.10312875348467,663.3243905367722,439.0939426158409,305.45961201038347,318.59765597619116,0.2485308159722222
754,25.13646624186911,660.5797562147088,447.1375770463363,305.1838448041533,339.6299059968442,0.24877278645833334
755,25.169803730253552,657.2319024858836,463.85503081853443,307.32353792166117,315.5437870300375,0.24650065104166666
756,25.20314121863799,655.8927609943534,476.5420123274137,308.9294151686645,310.6344980187714,0.24959309895833334
757,25.236478707022435,659.1071043977413,483.11680493096554,307.3217660674658,332.61318400036544,0.2518674045138889
758,25.269816195406875,672.3928417590967,470.7467219723862,305.92870642698625,310.78878103289753,0.25438802083333334
759,25.30315368379132,673.9571367036386,464.29868878895456,305.37148257079446,325.44744201004505,0.25482204861111113
760,25.33649117217576,667.8328546814555,469.21947551558173,299.8985930283178,323.6024400102906,0.25371853298611113
761,25.369828660560202,658.6331418725822,475.68779020623265,296.2094372113272,328.79632397089154,0.25566840277777775
762,25.403166148944642,657.953256749033,478.2751160824931,295.48377488453093,313.23363102274016,0.25378580729166667
763,25.436503637329086,658.4313026996132,480.81004643299735,295.19350995381245,308.0335530103184,0.2524848090277778
764,25.469841125713526,672.1225210798452,466.8240185731989,295.82740398152504,312.4463210115209,0.2535666232638889
765,25.50317861409797,674.599008431938,458.22960742927955,293.83096159261,344.86229001777247,0.25274522569444446
766,25.53651610248241,671.0896033727752,457.79184297171184,294.53238463704395,322.60684901848435,0.2509038628472222
767,25.569853590866852,661.4358413491101,459.1167371886848,297.06295385481764,339.2534229787998,0.2503938802083333
768,25.603191079251292,653.8243365396442,461.14669487547394,300.325181541927,350.97669099923223,0.24949327256944442
769,25.636528567635736,650.7797346158577,464.95867795018955,303.88007261677075,341.16504300618544,0.24924804687500002
770,25.669866056020176,654.8118938463431,473.98347118007587,304.5520290467083,365.5567669775337,0.24918185763888892
771,25.70320354440462,657.9247575385373,477.59338847203026,299.57081161868336,364.4126820145175,0.24956597222222224
772,25.73654103278906,662.1699030154149,461.0373553888121,297.5783246474733,361.52032000245526,0.24950846354166667
773,25.769878521173503,663.1179612061659,452.9149421555249,297.53132985898935,368.48742404254153,0.25003797743055556
774,25.803216009557943,654.4971844824664,470.66597686220985,296.7625319435957,352.61732299113646,0.25027994791666663
775,25.836553497942386,671.2988737929866,455.266390744884,292.70501277743824,395.2854520175606,0.2516286892361111
776,25.869890986326826,678.0195495171947,461.1065562979536,291.0820051109753,337.3928170185536,0.2521842447916667
777,25.90322847471127,679.9578198068778,470.94262251918155,292.68280204439,343.2445719954558,0.24866861979166666
778,25.93656596309571,676.9831279227512,488.3770490076727,292.57312081775603,332.5184659915976,0.24870225694444442
779,25.969903451480153,676.5432511691006,505.8508196030691,294.77924832710244,353.7802220089361,0.25207356770833333
780,26.003240939864597,666.6173004676403,490.3403278412277,294.911699330841,354.2270379839465,0.2484646267361111
781,26.036578428249037,661.1469201870561,490.13613113649114,294.96467973233644,339.9961380055174,0.25225368923611113
782,26.06991591663348,657.4587680748223,502.05445245459646,295.7358718929346,319.97223204234615,0.24756944444444445
783,26.10325340501792,653.7335072299289,517.3217809818385,299.0443487571739,332.5209599570371,0.24328776041666664
784,26.136590893402364,648.4934028919715,530.9287123927354,302.61773950286954,372.44573299540207,0.2390581597222222
785,26.169928381786804,662.1473611567887,507.87148495709414,305.54709580114786,344.6858459501527,0.2405327690972222
786,26.203265870171247,668.3589444627155,509.14859398283767,308.9688383204591,373.824134003371,0.23635742187499997
787,26.236603358555687,670.8435777850864,521.6594375931352,314.0875353281838,309.2860669712536,0.23494032118055558
788,26.26994084694013,671.0874311140345,543.1637750372543,309.38501413127346,319.5430019986816,0.23283203125
789,26.30327833532457,669.6849724456138,512.7655100149018,309.75400565250936,327.3074030294083,0.228818359375
790,26.336615823709014,669.8739889782456,505.10620400596065,310.6516022610037,331.4892459893599,0.22785915798611112
791,26.369953312093454,672.9495955912982,508.0424816023842,314.01064090440144,320.1624499633908,0.2258962673611111
792,26.403290800477897,677.1798382365193,515.2169926409538,317.60425636176063,355.7421450386755,0.22300672743055555
793,26.436628288862337,673.6219352946077,516.5867970563816,322.95560868301436,379.38578496687114,0.22110243055555553
794,26.46996577724678,669.948774117843,515.6347188225526,316.16668101788173,363.167067989707,0.219404296875
795,26.50330326563122,666.9795096471373,515.2538875290211,314.7166724071527,364.1603400465101,0.21736653645833331
796,26.536640754015664,659.041803858855,504.6015550116084,314.13666896286105,359.0211530099623,0.2161067708333333
797,26.569978242400104,651.366721543542,503.34062200464336,315.40466758514447,343.3155909879133,0.21328667534722223
798,26.603315730784548,647.5466886174167,513.3362488018574,319.6618670340578,318.28689097892493,0.20793294270833335
799,26.636653219168988,649.7686754469667,524.8344995207428,324.3647468136231,301.8488669767976,0.20066297743055558
800,26.66999070755343,652.9074701787865,536.9337998082971,327.7458987254493,311.889399017673,0.20284396701388888
801,26.70332819593787,654.1629880715146,553.773519923319,331.34835949017963,310.99236401496455,0.20085177951388888
802,26.736665684322315,647.915195228606,583.0094079693275,335.7893437960719,341.88391402130947,0.19959201388888886
803,26.770003172706755,663.4160780914424,564.703763187731,342.06573751842876,325.04250400234014,0.19603841145833334
804,26.803340661091198,662.8664312365768,558.8815052750924,348.3262950073716,302.6775840553455,0.19284830729166666
805,26.836678149475638,647.6465724946308,550.552602110037,353.83051800294857,315.79767499351874,0.1903038194444444
806,26.87001563786008,633.3086289978523,560.7210408440147,364.2822072011794,309.3144819722511,0.18768880208333336
807,26.90335312624452,651.5734515991409,528.7884163376059,360.2128828804718,311.3457940053195,0.18499674479166667
808,26.936690614628965,659.6293806396563,523.5153665350424,361.5851531521887,290.471609972883,0.18159071180555558
809,26.97002810301341,656.8517522558625,521.406146614017,362.13406126087546,303.2929140026681,0.18003797743055555
810,27.00336559139785,650.490700902345,507.06245864560674,362.4442066448808,286.36993397958577,0.17950737847222226
811,27.036703079782292,648.696280360938,508.82498345824274,363.2276826579523,324.9616009998135,0.17834201388888887
812,27.070040568166732,662.9785121443751,551.5299933832971,366.5410730631809,301.5572840231471,0.17975911458333335
813,27.103378056551175,664.9414048577501,537.1119973533188,370.5726319682783,318.77993198577315,0.180361328125
814,27.136715544935615,650.7265619431,513.3447989413274,375.4790527873113,318.18591203773394,0.18204752604166663
815,27.17005303332006,643.54062477724,509.83791957653096,381.19162111492443,333.4467749809846,0.1802398003472222
816,27.2033905217045,646.6662499108961,508.4351678306124,375.0407607958367,322.4724709871225,0.1840288628472222
817,27.236728010088942,647.9164999643583,504.87406713224505,377.2663043183347,323.8174309954047,0.18544379340277778
818,27.270065498473382,643.9165999857435,506.44962685289795,384.5762637513552,375.05740503547713,0.18626953125
819,27.303402986857826,642.3166399942972,498.07985074115913,374.3305055005421,337.9516169661656,0.19001844618055558
820,27.336740475242266,639.426655997719,490.2319402964637,373.2322022002169,358.39178797323257,0.1948003472222222
821,27.37007796362671,637.5206623990875,494.5927761185854,371.29288088008667,350.287438952364,0.19488389756944446
822,27.40341545201115,634.5082649596351,500.83711044743427,368.2671523520346,371.88157299533486,0.19852430555555553
823,27.436752940395593,634.803305983854,512.3348441789738,368.5568609408138,343.68978400016204,0.20009114583333337
824,27.470090428780033,634.9213223935416,522.9339376715894,368.67274437632557,343.73302798485383,0.20271267361111112
825,27.503427917164476,630.4685289574167,518.1735750686358,368.71909775053024,368.02428698865697,0.20178927951388886
826,27.536765405548916,627.1874115829665,501.2694300274542,364.23763910021216,318.49903595866635,0.19947482638888886
827,27.57010289393336,624.3749646331867,494.5077720109817,361.6950556400849,329.05790099175647,0.20104275173611114
828,27.6034403823178,623.2499858532747,497.8031088043926,356.17802225603396,314.2936449730769,0.20363498263888888
829,27.636777870702243,618.2999943413098,520.121243521757,350.22120890241354,347.2329580108635,0.2034917534722222
830,27.670115359086683,628.3199977365239,532.0484974087027,347.08848356096547,361.67593201389536,0.19951280381944442
831,27.703452847471127,640.5779990946096,547.319398963481,347.3353934243861,352.3379560210742,0.1982345920138889
832,27.736790335855567,622.9811996378438,505.42775958539255,343.6841573697544,346.5140910120681,0.19803168402777777
833,27.77012782424001,621.1924798551375,496.17110383415707,340.72366294790186,320.4855240182951,0.19715277777777776
834,27.80346531262445,627.976991942055,504.4684415336628,341.03946517916074,338.9355319668539,0.1960970052083333
835,27.836802801008893,631.440796776822,509.2873766134651,341.91578607166423,367.94413498137146,0.19705186631944444
836,27.870140289393333,635.8263187107287,520.214950645386,340.01631442866574,363.7088830000721,0.1953656684027778
