frame,timestamp,v_mps,w_radps,raw_err_x_px,raw_err_theta_deg,filt_err_x_px,filt_err_theta_deg,confidence,status,innovation_x,innovation_theta_deg,median_width,filt_width,n_two_sided,has_line,pending_count,map_status,map_conf,map_innov_x,map_innov_w,support_old,support_new,shift_px
0,1790599380.406359,0.1591,0.0205,2.6,-26.29,-81.5,-3.36,0.63,accepted,0.0,0.00,351,483,10,1,0,no_map,0.38,0.0,0.0,0,3,14.0
1,1790599380.513758,0.1674,0.1617,-28.3,-10.24,-81.5,-3.37,0.70,accepted,0.0,-0.03,352,483,10,1,0,map_accept,0.62,-2.7,-5.7,0,3,14.0
2,1790599380.6258264,0.1683,0.2801,3.1,-26.32,-81.3,-3.36,0.71,accepted,0.5,0.02,351,483,10,1,0,map_accept,0.77,-3.3,-5.9,7,3,14.0
3,1790599380.7118816,0.1687,0.3571,-31.2,-8.54,-81.1,-3.42,0.72,accepted,0.6,-0.15,349,483,10,1,0,map_accept,0.87,-3.8,-5.2,7,3,14.0
4,1790599380.793754,0.1689,0.4071,-40.8,-4.40,-80.7,-3.53,0.72,accepted,1.1,-0.34,351,482,10,1,0,map_accept,0.93,-3.5,-3.9,7,3,14.0
5,1790599380.8657906,0.1692,0.4396,-40.0,-3.74,-79.8,-3.65,0.72,accepted,2.7,-0.32,352,482,10,1,0,map_accept,0.96,-2.0,-1.7,7,3,14.0
6,1790599380.9408689,0.1775,0.4607,-19.3,-10.25,-77.7,-3.75,0.80,accepted,6.0,-0.31,350,481,10,1,0,map_accept,0.98,1.3,-1.0,7,3,14.0
7,1790599381.0337844,0.1748,0.4745,-37.4,-0.82,-74.6,-3.85,0.77,accepted,8.7,-0.26,347,480,10,1,0,map_accept,0.98,4.0,-2.4,7,3,14.0
8,1790599381.1650188,0.1734,0.4834,-31.0,4.06,-70.8,-3.99,0.76,accepted,10.9,-0.42,356,479,10,1,0,map_accept,0.99,6.2,-0.2,7,3,14.0
9,1790599381.2438946,0.1727,0.4892,-14.3,-0.98,-66.6,-4.10,0.75,accepted,12.1,-0.30,358,479,10,1,0,map_accept,0.99,7.3,4.6,7,3,14.0
10,1790599381.3182752,0.1721,0.4930,-64.8,14.83,-62.3,-4.19,0.75,accepted,12.3,-0.25,354,478,10,1,0,map_accept,0.99,7.3,0.8,7,3,14.0
11,1790599381.395708,0.1717,0.4954,-51.2,11.55,-58.0,-4.20,0.74,accepted,12.3,-0.05,354,477,10,1,0,map_accept,0.99,6.7,-1.1,7,3,14.0
12,1790599381.4714777,0.1715,0.4970,-54.7,13.85,-54.2,-4.19,0.74,accepted,10.7,0.04,352,477,10,1,0,map_accept,0.99,4.8,3.0,7,3,14.0
13,1790599381.601682,0.1714,0.4981,-48.3,12.77,-50.6,-4.11,0.74,accepted,10.5,0.24,354,476,10,1,0,map_accept,0.99,4.2,2.7,7,3,14.0
14,1790599381.7188582,0.1717,0.4987,5.6,-0.95,-47.2,-3.91,0.74,accepted,9.6,0.57,354,478,10,1,0,map_accept,0.99,3.0,7.3,7,3,14.0
15,1790599381.834953,0.1719,0.4992,-3.3,3.37,-43.6,-3.73,0.74,accepted,10.5,0.51,356,480,10,1,0,map_accept,0.99,3.8,10.4,7,3,14.0
16,1790599381.9501128,0.1719,0.4995,-10.2,8.23,-39.9,-3.43,0.74,accepted,10.6,0.84,358,483,10,1,0,map_accept,0.99,4.3,10.7,7,3,14.0
17,1790599382.065782,0.1718,0.4997,-15.4,3.97,-35.4,-3.02,0.74,accepted,12.6,1.19,358,487,10,1,0,map_accept,0.99,7.0,14.9,7,3,14.0
18,1790599382.1961632,0.1714,0.4998,1.8,-0.52,-30.3,-2.53,0.74,accepted,14.7,1.39,358,491,10,1,0,map_accept,0.99,10.0,16.4,7,3,14.0
19,1790599382.3092973,0.1710,0.4869,9.1,-1.40,-24.3,-1.98,0.74,accepted,17.1,1.56,358,496,10,1,0,map_accept,0.99,13.5,17.9,7,3,14.0
20,1790599382.4082456,0.1706,0.4207,76.6,-29.40,-14.4,-1.16,0.73,accepted,28.3,2.34,361,502,10,1,0,map_accept,0.99,26.0,24.6,7,3,14.0
21,1790599382.4757793,0.1706,0.3399,16.8,-0.81,-5.2,-0.60,0.73,accepted,26.4,1.61,362,509,10,1,0,map_accept,0.99,26.6,29.0,7,3,14.0
22,1790599382.5502813,0.1708,0.2510,25.9,-2.23,3.1,0.01,0.73,accepted,23.7,1.73,362,514,10,1,0,map_accept,0.99,27.1,27.7,7,2,14.0
23,1790599382.628208,0.1706,0.1666,42.3,-7.26,10.8,0.62,0.73,accepted,21.9,1.75,363,519,10,1,0,map_accept,0.99,28.1,33.3,7,2,14.0
24,1790599382.7081835,0.1703,0.0630,50.7,-8.64,18.0,1.13,0.73,accepted,20.7,1.47,364,523,10,1,0,map_accept,0.98,29.1,36.6,7,2,14.0
25,1790599382.7860334,0.1707,-0.0238,40.6,1.32,24.5,1.74,0.73,accepted,18.5,1.74,348,528,10,1,0,map_accept,0.99,28.4,39.9,7,2,14.0
26,1790599382.8572948,0.1713,-0.1186,43.7,2.81,30.4,2.43,0.74,accepted,17.0,1.95,350,532,10,1,0,map_accept,0.99,27.9,41.2,7,2,14.0
27,1790599382.9243395,0.1715,-0.1952,54.0,-0.55,35.4,3.05,0.74,accepted,14.1,1.77,354,539,10,1,0,map_accept,0.99,25.5,48.5,7,1,14.0
28,1790599383.013924,0.1712,-0.3019,54.5,-0.86,40.3,3.58,0.74,accepted,14.1,1.51,354,545,10,1,0,map_accept,0.99,25.4,50.6,7,1,14.0
29,1790599383.0847657,0.1703,-0.3712,47.7,1.56,44.9,3.94,0.73,accepted,13.2,1.04,354,550,10,1,0,map_accept,0.99,24.5,50.9,7,1,14.0
30,1790599383.1807125,0.1680,-0.4163,54.5,9.72,46.2,4.12,0.71,accepted,3.6,0.53,336,543,10,1,0,map_accept,0.99,15.4,7.5,7,2,14.0
31,1790599383.2578957,0.1676,-0.4456,71.9,-0.54,46.8,4.58,0.71,accepted,1.8,1.30,338,537,10,1,0,map_accept,0.99,13.1,10.9,7,2,14.0
32,1790599383.3313913,0.1676,-0.4646,78.0,-2.91,46.8,4.92,0.71,accepted,-0.1,0.98,329,535,10,1,0,map_accept,0.99,8.9,19.9,7,2,14.0
33,1790599383.4020898,0.1681,-0.4770,39.7,21.08,45.9,5.23,0.71,accepted,-2.5,0.88,330,538,10,1,0,map_accept,0.99,3.9,38.7,7,2,14.0
34,1790599383.4820998,0.1688,-0.4851,94.1,-7.05,43.7,5.26,0.72,accepted,-6.4,0.09,347,549,10,1,0,map_accept,0.99,-2.7,66.7,7,1,14.0
35,1790599383.5531745,0.1698,-0.4903,111.4,-14.97,42.4,5.39,0.73,accepted,-3.7,0.35,336,560,10,1,0,map_accept,0.99,-3.2,70.1,7,1,14.0
36,1790599383.6271396,0.1707,-0.4937,84.8,-6.52,38.3,5.38,0.73,accepted,-11.6,-0.02,338,571,10,1,0,map_accept,0.99,-13.8,76.1,7,1,14.0
37,1790599383.7010748,0.1715,-0.4959,92.2,-10.16,40.7,5.79,0.74,accepted,6.7,1.16,340,568,10,1,0,map_accept,0.99,1.2,31.2,7,2,14.0
38,1790599383.774112,0.1720,-0.4973,66.5,-2.13,44.8,6.15,0.75,accepted,11.8,1.04,342,561,10,1,0,map_accept,0.99,5.5,23.7,7,2,14.0
39,1790599383.8424125,0.1723,-0.4983,64.7,-1.22,49.3,6.53,0.75,accepted,13.0,1.08,346,560,10,1,0,map_accept,0.99,7.5,39.7,7,2,14.0
40,1790599383.9176412,0.1724,-0.4989,80.6,0.51,55.7,6.76,0.75,accepted,18.2,0.66,348,558,10,1,0,map_accept,0.99,14.3,36.5,7,2,14.0
41,1790599383.988449,0.1723,-0.4993,99.1,-12.73,61.5,6.92,0.75,accepted,16.6,0.45,351,560,10,1,0,map_accept,0.99,16.2,49.7,7,2,14.0
42,1790599384.0631938,0.1720,-0.4995,78.8,-2.23,66.0,7.02,0.75,accepted,13.0,0.30,354,563,10,1,0,map_accept,0.99,16.9,56.8,7,2,14.0
43,1790599384.1314888,0.1718,-0.4997,90.2,-12.19,67.4,6.94,0.74,accepted,4.0,-0.21,330,568,10,1,0,map_accept,0.99,11.7,67.0,7,1,14.0
44,1790599384.255959,0.1716,-0.4998,75.0,-6.01,63.1,6.79,0.74,accepted,-12.4,-0.44,336,550,10,1,0,map_accept,0.99,-1.7,-6.3,7,2,14.0
45,1790599384.3334668,0.1713,-0.4999,82.9,-8.06,59.7,6.66,0.74,accepted,-9.6,-0.37,335,538,10,1,0,map_accept,0.99,1.9,5.0,7,2,14.0
46,1790599384.4096358,0.1711,-0.4999,92.4,-11.36,56.5,6.32,0.74,accepted,-9.2,-0.99,320,530,10,1,0,map_accept,0.99,2.5,10.9,7,2,14.0
47,1790599384.481043,0.1706,-0.4999,64.7,-0.95,53.7,5.98,0.73,accepted,-8.0,-0.96,324,528,10,1,0,map_accept,0.99,4.3,26.8,7,2,14.0
48,1790599384.5549097,0.1693,-0.5000,79.6,-7.20,51.2,5.71,0.72,accepted,-7.2,-0.76,318,533,10,1,0,map_accept,0.98,5.5,44.6,7,1,14.0
49,1790599384.632859,0.1702,-0.5000,80.0,-7.24,49.2,5.57,0.73,accepted,-5.7,-0.42,320,541,10,1,0,map_accept,0.99,7.0,56.8,7,1,14.0
50,1790599384.7448022,0.1696,-0.5000,81.9,-8.00,48.8,5.54,0.72,accepted,-1.2,-0.07,324,555,10,1,0,map_accept,0.98,11.5,77.5,7,1,14.0
51,1790599384.8164132,0.1704,-0.5000,69.9,-3.98,47.6,5.88,0.73,accepted,-3.3,0.95,327,569,10,1,0,map_accept,0.99,9.8,76.5,7,1,14.0
52,1790599384.930824,0.1709,-0.5000,81.6,-10.47,45.5,6.01,0.74,accepted,-6.1,0.39,330,581,10,1,0,map_accept,0.98,5.2,78.2,7,1,14.0
53,1790599385.0004077,0.1707,-0.5000,80.2,-6.97,40.1,5.92,0.73,accepted,-15.5,-0.25,328,594,10,1,0,map_accept,0.98,-6.5,86.6,7,1,14.0
54,1790599385.0752385,0.1708,-0.5000,81.8,-9.26,36.4,5.82,0.73,accepted,-10.6,-0.29,336,610,10,1,0,map_accept,0.98,-4.9,100.1,7,1,14.0
55,1790599385.1458263,0.1706,-0.5000,94.3,-14.85,27.4,5.36,0.73,accepted,-25.6,-1.33,340,608,10,1,0,map_accept,0.98,-22.8,45.8,7,1,14.0
56,1790599385.2226021,0.1716,-0.4749,91.5,-14.69,22.0,5.26,0.74,accepted,-15.4,-0.28,350,610,10,1,0,map_accept,0.98,-17.0,61.2,7,1,14.0
57,1790599385.2933664,0.1720,-0.4513,24.1,11.18,20.4,5.38,0.75,accepted,-4.5,0.34,355,623,10,1,0,map_accept,0.99,-9.6,99.0,7,1,14.0
58,1790599385.3669672,0.1728,-0.4684,87.4,-12.60,28.2,5.94,0.75,accepted,22.1,1.61,359,610,10,1,0,map_accept,0.99,14.8,11.3,7,2,14.0
59,1790599385.4359353,0.1734,-0.4794,94.3,-13.49,34.6,6.38,0.76,accepted,18.3,1.24,364,607,10,1,0,map_accept,0.98,13.1,43.0,7,2,14.0
60,1790599385.5140538,0.1743,-0.4866,72.7,-3.03,40.8,6.67,0.77,accepted,17.9,0.83,369,610,10,1,0,map_accept,0.99,14.8,58.4,7,2,14.0
61,1790599385.5863955,0.1743,-0.4913,56.9,6.20,46.5,6.98,0.77,accepted,16.2,0.90,351,609,10,1,0,map_accept,0.99,15.7,45.3,7,1,14.0
62,1790599385.6746,0.1738,-0.4944,21.3,23.78,50.4,7.39,0.76,accepted,11.2,1.16,359,610,10,1,0,map_accept,0.99,13.5,50.8,7,1,14.0
63,1790599385.747191,0.1729,-0.4963,24.9,22.71,51.0,7.78,0.75,accepted,1.6,1.11,362,601,10,1,0,map_accept,0.98,6.1,13.5,7,1,14.0
64,1790599385.822132,0.1708,-0.4976,71.9,-3.50,49.7,7.89,0.73,accepted,-3.7,0.32,365,600,10,1,0,map_accept,0.99,1.6,38.1,7,1,14.0
65,1790599385.8914065,0.1710,-0.4984,68.0,-0.88,47.9,7.91,0.74,accepted,-5.2,0.06,357,603,10,1,0,map_accept,0.99,-0.4,45.1,7,1,14.0
66,1790599385.9681408,0.1717,-0.4990,90.2,-12.63,47.0,8.20,0.74,accepted,-2.4,0.82,360,605,10,1,0,map_accept,0.99,1.5,55.7,7,1,14.0
67,1790599386.035887,0.1726,-0.4993,68.2,-1.44,47.5,8.39,0.75,accepted,1.5,0.55,344,611,10,1,0,map_accept,0.99,4.6,79.3,7,0,14.0
68,1790599386.118125,0.1730,-0.4996,74.8,-3.98,54.6,9.09,0.75,accepted,20.2,2.00,350,596,10,1,0,map_accept,0.98,23.2,20.6,7,2,14.0
69,1790599386.1866055,0.1735,-0.4997,82.6,-10.54,58.1,9.58,0.76,accepted,9.9,1.40,354,591,10,1,0,map_accept,0.99,15.0,53.0,7,2,14.0
70,1790599386.2616084,0.1731,-0.4998,73.1,-0.60,51.4,9.84,0.76,accepted,-19.1,0.72,358,563,10,1,0,map_accept,0.99,-12.4,-23.8,7,4,14.0
71,1790599386.3334765,0.1735,-0.4999,83.3,-5.23,46.2,9.68,0.76,accepted,-14.9,-0.46,361,542,10,1,0,map_accept,0.99,-10.9,-8.9,7,4,14.0
72,1790599386.41009,0.1744,-0.4999,101.3,-16.12,38.6,9.39,0.77,accepted,-21.7,-0.82,363,542,10,1,0,map_accept,0.99,-20.9,50.6,7,2,14.0
73,1790599386.4790182,0.1745,-0.5000,44.3,-3.99,34.2,9.32,0.77,accepted,-12.6,-0.21,367,550,10,1,0,map_accept,0.99,-15.4,67.6,7,2,14.0
74,1790599386.5499363,0.1733,-0.5000,52.7,-7.01,32.0,9.90,0.76,accepted,-6.2,1.67,361,560,10,1,0,map_accept,0.99,-11.2,74.1,7,1,14.0
75,1790599386.6449735,0.1728,-0.5000,100.6,-20.39,31.8,10.32,0.75,accepted,-0.5,1.21,352,570,10,1,0,map_accept,0.99,-8.4,80.4,7,1,14.0
76,1790599386.7125928,0.1727,-0.5000,25.8,0.56,34.8,9.89,0.75,accepted,8.4,-1.25,358,579,10,1,0,map_accept,0.99,-1.3,76.6,7,1,14.0
77,1790599386.788565,0.1735,-0.5000,66.5,-14.80,46.7,10.12,0.76,accepted,34.0,0.67,362,577,10,1,0,map_accept,0.99,27.4,51.1,7,1,14.0
78,1790599386.857108,0.1737,-0.5000,62.8,-13.74,59.2,10.72,0.76,accepted,35.8,1.70,370,566,10,1,0,map_accept,0.98,37.3,23.6,7,3,14.0
79,1790599386.9246874,0.1736,-0.5000,24.6,1.40,52.1,9.83,0.76,accepted,-20.2,-2.55,380,546,10,1,0,map_accept,0.99,-10.2,-10.3,7,4,14.0
80,1790599386.9936457,0.1732,-0.5000,33.9,-4.03,47.7,9.29,0.76,accepted,-12.6,-1.55,384,540,10,1,0,map_accept,0.99,1.1,33.4,7,3,14.0
81,1790599387.081234,0.1723,-0.5000,29.5,0.24,42.6,8.79,0.75,accepted,-14.7,-1.42,365,549,10,1,0,map_accept,0.99,1.9,76.6,7,2,14.0
82,1790599387.1511624,0.1720,-0.5000,42.7,-8.78,29.2,7.99,0.75,accepted,-38.3,-2.29,368,532,10,1,0,map_accept,0.99,-21.0,-6.4,7,3,14.0
83,1790599387.2230062,0.1716,-0.4924,43.1,-8.41,20.4,7.46,0.74,accepted,-25.2,-1.52,375,524,10,1,0,map_accept,0.99,-11.2,15.7,7,3,14.0
84,1790599387.2948117,0.1715,-0.4603,56.8,-15.07,15.2,7.34,0.74,accepted,-14.9,-0.34,383,521,10,1,0,map_accept,0.99,-4.3,26.8,7,3,14.0
85,1790599387.3669708,0.1691,-0.4214,62.7,-18.43,11.8,7.22,0.72,accepted,-9.7,-0.33,366,520,9,1,0,map_accept,0.98,-1.6,30.5,7,3,14.0
86,1790599387.4352436,0.1698,-0.3886,14.6,-1.21,10.5,7.12,0.73,accepted,-3.8,-0.29,370,516,10,1,0,map_accept,0.99,2.6,20.7,7,3,14.0
87,1790599387.5316834,0.1702,-0.3604,58.3,-17.09,9.3,6.92,0.73,accepted,-3.2,-0.57,376,518,10,1,0,map_accept,0.99,1.8,34.2,7,3,14.0
88,1790599387.6008902,0.1711,-0.3430,51.6,-14.39,9.6,6.85,0.74,accepted,0.7,-0.20,358,524,10,1,0,map_accept,0.99,5.3,51.4,7,2,14.0
89,1790599387.6696637,0.1721,-0.3398,27.5,-5.21,11.2,6.75,0.75,accepted,4.7,-0.31,354,531,10,1,0,map_accept,0.99,9.9,61.0,7,2,14.0
90,1790599387.7401872,0.1731,-0.3209,28.6,-3.91,8.2,6.54,0.76,accepted,-8.5,-0.58,357,520,10,1,0,map_accept,0.99,-1.5,7.1,7,3,14.0
91,1790599387.8140252,0.1722,-0.3200,40.6,-12.02,10.3,6.63,0.75,accepted,5.8,0.25,352,513,10,1,0,map_accept,0.98,12.7,19.7,7,2,14.0
92,1790599387.8815696,0.1716,-0.2999,48.4,-15.10,6.8,6.47,0.74,accepted,-10.0,-0.44,355,495,10,1,0,map_accept,0.98,-1.8,-23.5,7,3,14.0
93,1790599387.9887736,0.1717,-0.2742,38.0,-9.13,4.5,6.38,0.74,accepted,-6.5,-0.27,359,489,10,1,0,map_accept,0.99,0.9,10.5,7,3,14.0
94,1790599388.0729353,0.1722,-0.2419,71.8,-26.10,1.5,6.47,0.75,accepted,-8.5,0.25,363,492,10,1,0,map_accept,0.99,-1.9,30.4,7,2,14.0
95,1790599388.141474,0.1722,-0.2167,32.8,-10.92,0.6,6.56,0.75,accepted,-2.5,0.26,336,500,10,1,0,map_accept,0.99,2.7,40.7,7,2,14.0
96,1790599388.21438,0.1714,-0.2016,-3.9,8.47,0.6,6.80,0.74,accepted,-0.1,0.69,340,513,10,1,0,map_accept,0.98,5.1,54.6,7,2,14.0
97,1790599388.2825224,0.1718,-0.1982,-40.0,23.65,1.3,7.17,0.74,accepted,2.2,1.06,342,534,10,1,0,map_accept,0.99,8.2,84.0,7,1,14.0
98,1790599388.3520749,0.1708,-0.1682,30.4,-5.13,-3.7,7.15,0.73,accepted,-14.3,-0.04,327,538,10,1,0,map_accept,0.99,-7.0,31.2,7,1,14.0
99,1790599388.4216456,0.1700,-0.1227,-5.8,9.18,-8.7,7.50,0.73,accepted,-14.3,0.99,325,543,10,1,0,map_accept,0.99,-7.1,37.3,7,1,14.0
100,1790599388.5020618,0.1696,-0.0555,-2.2,5.94,-15.4,7.72,0.72,accepted,-19.3,0.62,331,550,10,1,0,map_accept,0.99,-14.2,50.5,7,1,14.0
101,1790599388.573214,0.1696,0.0272,19.8,-1.46,-22.7,8.01,0.72,accepted,-20.8,0.85,337,557,10,1,0,map_accept,0.99,-19.1,55.3,7,1,14.0
102,1790599388.6787937,0.1701,0.0898,13.8,-5.83,-24.1,8.39,0.73,accepted,-4.0,1.08,337,545,10,1,0,map_accept,0.99,-6.7,-0.1,7,2,14.0
103,1790599388.74874,0.1706,0.1393,15.1,-4.73,-25.8,8.70,0.73,accepted,-4.9,0.89,340,541,10,1,0,map_accept,0.99,-8.9,27.3,7,2,14.0
104,1790599388.8276918,0.1713,0.1941,32.4,-15.06,-29.6,8.71,0.74,accepted,-10.7,0.02,322,546,10,1,0,map_accept,0.99,-15.6,57.7,7,1,14.0
105,1790599388.8961473,0.1719,0.2505,27.4,-14.34,-33.0,8.70,0.74,accepted,-9.7,-0.04,324,557,10,1,0,map_accept,0.98,-16.1,74.5,7,0,14.0
106,1790599388.9662595,0.1721,0.2480,50.3,-21.19,-26.8,9.24,0.75,accepted,17.5,1.56,328,544,10,1,0,map_accept,0.98,9.8,-1.1,7,2,14.0
107,1790599389.0309129,0.1721,0.2132,54.4,-23.39,-21.7,9.68,0.75,accepted,14.8,1.25,330,540,10,1,0,map_accept,0.99,9.4,27.2,7,2,14.0
108,1790599389.127348,0.1715,0.1793,69.1,-26.92,-19.8,9.73,0.74,accepted,5.4,0.14,334,544,10,1,0,map_accept,0.98,2.7,52.4,7,2,14.0
109,1790599389.1997044,0.1710,0.1461,53.2,-21.36,-17.9,9.82,0.74,accepted,5.3,0.26,341,552,10,1,0,map_accept,0.98,4.6,64.1,7,2,14.0
110,1790599389.2762861,0.1722,0.1157,0.0,-2.29,-16.2,9.62,0.75,accepted,4.9,-0.57,345,561,10,1,0,map_accept,0.99,6.0,64.9,7,1,14.0
111,1790599389.3423672,0.1693,0.1057,51.3,-20.40,-17.5,9.26,0.72,accepted,-3.7,-1.01,319,549,9,1,0,map_hold,0.98,-8.6,4.9,7,0,14.0
112,1790599389.41673,0.1684,0.1122,6.9,-8.40,-19.3,8.91,0.71,accepted,-5.2,-1.02,323,536,9,1,0,map_hold,0.97,-10.6,-21.4,7,0,14.0
113,1790599389.4888391,0.1703,0.1133,14.5,-12.86,-18.5,8.65,0.73,accepted,2.3,-0.73,370,564,10,1,0,map_accept,0.98,8.3,140.6,7,2,14.0
114,1790599389.5646205,0.1714,0.1512,27.0,-18.05,-24.3,8.15,0.74,accepted,-16.5,-1.45,374,566,10,1,0,map_accept,0.98,-9.1,59.9,7,2,14.0
115,1790599389.6361566,0.1716,0.1971,-5.6,-8.23,-27.6,7.89,0.74,accepted,-9.5,-0.74,380,571,10,1,0,map_accept,0.98,-3.4,73.0,7,2,14.0
116,1790599389.729645,0.1717,0.2658,-21.3,-2.29,-33.7,7.46,0.74,accepted,-17.4,-1.23,366,558,10,1,0,map_accept,0.98,-12.3,17.8,7,2,14.0
117,1790599389.7991672,0.1723,0.3134,11.3,-15.98,-34.0,7.27,0.75,accepted,-0.8,-0.54,342,546,10,1,0,map_accept,0.98,2.4,15.5,7,3,14.0
118,1790599389.8788958,0.1690,0.3363,-12.4,-5.80,-32.4,7.11,0.72,accepted,4.5,-0.45,353,538,9,1,0,map_accept,0.98,8.2,28.9,7,3,14.0
119,1790599389.9670992,0.1703,0.3408,-14.9,-5.11,-30.5,7.03,0.73,accepted,5.4,-0.24,357,536,10,1,0,map_accept,0.98,10.8,44.8,7,3,14.0
120,1790599390.0478196,0.1690,0.3607,-24.8,-0.22,-33.0,6.66,0.72,accepted,-7.1,-1.05,359,521,9,1,0,map_hold,0.97,-12.6,-23.2,7,0,14.0
121,1790599390.1230729,0.1680,0.3915,-37.5,0.38,-35.6,6.23,0.71,accepted,-7.5,-1.23,361,508,9,1,0,map_hold,0.97,-3.3,14.4,7,0,14.0
122,1790599390.2263427,0.1703,0.4183,-3.9,-11.99,-36.3,5.71,0.73,accepted,-1.9,-1.48,344,504,10,1,0,map_accept,0.98,5.8,27.9,7,3,14.0
123,1790599390.2968972,0.1712,0.4460,-17.5,-3.13,-37.8,5.45,0.74,accepted,-4.2,-0.73,352,500,10,1,0,map_accept,0.98,3.7,21.4,7,3,14.0
124,1790599390.3754878,0.1803,0.4649,8.1,-22.75,-38.5,5.20,0.82,accepted,-2.0,-0.73,356,498,10,1,0,map_accept,0.99,5.7,21.9,7,3,14.0
125,1790599390.4450536,0.1769,0.4706,-26.3,-1.71,-36.5,5.35,0.79,accepted,5.5,0.42,351,509,10,1,0,map_accept,0.99,13.7,56.6,7,2,14.0
126,1790599390.5208755,0.1743,0.4632,0.5,-11.67,-34.8,5.64,0.77,accepted,5.0,0.83,352,521,10,1,0,map_accept,0.99,14.4,63.1,7,2,14.0
127,1790599390.5918972,0.1680,0.4432,-23.7,-2.41,-32.2,5.78,0.71,accepted,7.3,0.41,315,533,9,1,0,map_accept,0.98,16.8,61.4,7,2,14.0
128,1790599390.6928842,0.1686,0.4200,-29.5,-0.35,-30.5,5.90,0.71,accepted,5.0,0.33,358,547,10,1,0,map_accept,0.98,14.3,67.1,7,2,14.0
129,1790599390.7637322,0.1698,0.4066,0.7,-13.47,-30.8,5.95,0.73,accepted,-0.8,0.16,330,563,10,1,0,map_accept,0.99,7.4,75.5,7,1,14.0
130,1790599390.839199,0.1709,0.4023,7.2,-14.93,-31.5,5.95,0.74,accepted,-2.0,0.00,334,577,10,1,0,map_accept,0.98,4.4,80.5,7,1,14.0
131,1790599390.913064,0.1683,0.3705,33.8,-21.32,-26.6,6.13,0.71,accepted,14.0,0.50,316,575,9,1,0,map_accept,0.98,18.7,39.1,7,1,14.0
132,1790599390.9824107,0.1700,0.3190,-19.8,-2.30,-21.2,6.10,0.73,accepted,15.3,-0.07,307,577,10,1,0,map_accept,0.98,22.5,59.7,7,1,14.0
133,1790599391.051636,0.1713,0.2739,-35.9,7.21,-19.3,6.27,0.74,accepted,5.5,0.48,312,558,10,1,0,map_accept,0.99,17.0,1.5,7,2,14.0
134,1790599391.1450243,0.1697,0.2771,-33.6,2.49,-24.5,5.85,0.72,accepted,-14.8,-1.20,289,538,9,1,0,map_hold,0.97,-20.2,-33.2,7,0,14.0
135,1790599391.214314,0.1687,0.3102,-18.4,-4.19,-29.4,5.49,0.72,accepted,-14.2,-1.01,295,520,9,1,0,map_hold,0.96,-11.8,-24.2,7,0,14.0
136,1790599391.297756,0.1701,0.3766,-15.9,-7.50,-39.5,5.12,0.73,accepted,-28.8,-1.06,316,504,10,1,0,map_accept,0.98,-16.0,3.4,7,2,14.0
137,1790599391.3744855,0.1709,0.4198,-23.3,-1.54,-45.1,5.09,0.74,accepted,-16.0,-0.09,320,497,10,1,0,map_accept,0.98,-7.0,23.4,7,2,14.0
138,1790599391.447976,0.1719,0.4479,-24.1,-1.09,-42.9,5.61,0.74,accepted,6.4,1.47,325,493,10,1,0,map_accept,0.99,12.5,23.4,7,2,14.0
139,1790599391.5193284,0.1725,0.4661,-32.6,3.10,-43.6,5.87,0.75,accepted,-2.1,0.74,327,486,10,1,0,map_accept,0.99,4.1,7.8,7,3,14.0
140,1790599391.592572,0.1728,0.4780,-7.7,-11.84,-44.7,5.98,0.75,accepted,-3.1,0.30,310,482,10,1,0,map_accept,0.99,2.8,13.8,7,3,14.0
141,1790599391.661471,0.1723,0.4857,-19.7,-2.45,-45.7,6.14,0.75,accepted,-2.8,0.46,310,485,10,1,0,map_accept,0.99,2.6,27.9,7,1,14.0
142,1790599391.760428,0.1706,0.4907,-39.0,-1.49,-44.5,6.25,0.73,accepted,3.4,0.32,314,490,10,1,0,map_accept,0.98,8.0,32.2,7,1,14.0
143,1790599391.8285966,0.1697,0.4940,-44.7,2.38,-42.0,6.46,0.72,accepted,7.2,0.61,318,494,10,1,0,map_accept,0.98,11.4,29.4,7,1,14.0
144,1790599391.8972816,0.1694,0.4961,-70.9,13.16,-39.1,6.61,0.72,accepted,8.2,0.43,320,503,10,1,0,map_accept,0.98,12.9,41.4,7,1,14.0
145,1790599391.9695888,0.1696,0.4974,-19.7,-5.76,-38.2,6.53,0.72,accepted,2.6,-0.25,325,512,10,1,0,map_accept,0.98,8.3,46.9,7,1,14.0
146,1790599392.040915,0.1700,0.4983,14.8,-15.75,-43.6,6.17,0.73,accepted,-15.6,-1.02,332,524,10,1,0,map_accept,0.98,-9.2,58.2,7,1,14.0
147,1790599392.1093698,0.1710,0.4989,10.0,-12.81,-46.6,6.13,0.74,accepted,-8.4,-0.12,327,536,10,1,0,map_accept,0.99,-3.9,60.4,7,1,14.0
148,1790599392.186514,0.1713,0.4993,-39.9,4.05,-43.6,6.08,0.74,accepted,8.6,-0.12,334,547,10,1,0,map_accept,0.99,10.9,64.3,7,1,14.0
149,1790599392.2563484,0.1715,0.4995,-2.1,-18.54,-42.1,5.96,0.74,accepted,4.1,-0.35,340,555,10,1,0,map_accept,0.99,7.8,64.9,7,1,14.0
150,1790599392.3508878,0.1707,0.4997,-46.4,7.33,-39.6,5.95,0.73,accepted,7.1,-0.03,339,562,10,1,0,map_accept,0.99,12.5,73.9,7,1,14.0
151,1790599392.4257958,0.1708,0.4998,-27.8,-1.00,-40.4,5.75,0.73,accepted,-2.1,-0.57,340,570,10,1,0,map_accept,0.99,5.1,83.8,7,0,14.0
152,1790599392.499122,0.1712,0.4999,-18.4,-4.89,-45.6,5.37,0.74,accepted,-14.9,-1.08,345,543,10,1,0,map_accept,0.99,-7.5,-20.7,7,3,14.0
153,1790599392.5701845,0.1715,0.4999,-37.8,-0.92,-49.8,5.16,0.74,accepted,-11.9,-0.60,349,526,10,1,0,map_accept,0.99,-6.5,8.3,7,3,14.0
154,1790599392.6481457,0.1715,0.4999,3.3,-11.85,-51.7,5.06,0.74,accepted,-5.5,-0.29,353,516,10,1,0,map_accept,0.99,-2.6,24.3,7,3,14.0
155,1790599392.718605,0.1712,0.5000,-14.2,-5.41,-52.1,4.98,0.74,accepted,-1.1,-0.24,353,508,10,1,0,map_accept,0.99,-0.4,30.1,7,3,14.0
156,1790599392.7935753,0.1709,0.5000,10.5,-11.46,-50.5,4.99,0.74,accepted,4.3,0.04,358,507,10,1,0,map_accept,0.98,3.5,44.7,7,3,14.0
157,1790599392.866471,0.1708,0.5000,-4.5,-3.10,-48.3,5.03,0.73,accepted,6.5,0.10,364,508,10,1,0,map_accept,0.99,5.1,50.6,7,3,14.0
158,1790599392.9587727,0.1708,0.5000,5.0,-7.31,-43.6,4.92,0.73,accepted,13.3,-0.32,343,504,10,1,0,map_accept,0.99,11.6,28.7,7,2,14.0
159,1790599393.0275893,0.1712,0.5000,5.1,-6.33,-38.2,4.90,0.74,accepted,15.6,-0.04,347,494,10,1,0,map_accept,0.99,14.7,9.3,7,3,14.0
160,1790599393.1006215,0.1719,0.4937,8.3,-6.72,-33.3,4.92,0.74,accepted,13.9,0.04,345,489,10,1,0,map_accept,0.99,14.6,17.8,7,3,14.0
161,1790599393.173262,0.1721,0.4648,20.7,-11.38,-29.0,4.98,0.75,accepted,12.3,0.20,342,488,10,1,0,map_accept,0.99,14.8,22.1,7,2,14.0
162,1790599393.2438385,0.1721,0.4212,15.8,-8.89,-24.6,4.97,0.75,accepted,12.5,-0.04,346,490,10,1,0,map_accept,0.99,16.5,33.5,7,2,14.0
163,1790599393.3129647,0.1726,0.3668,20.6,-8.91,-20.2,5.16,0.75,accepted,12.6,0.54,348,496,10,1,0,map_accept,0.99,18.2,39.0,7,2,14.0
164,1790599393.3862207,0.1731,0.3035,13.7,-8.15,-15.2,5.11,0.76,accepted,14.2,-0.14,354,504,10,1,0,map_accept,0.99,21.1,44.8,7,2,14.0
165,1790599393.4559965,0.1735,0.2328,10.2,-3.19,-10.1,5.22,0.76,accepted,14.7,0.30,357,514,10,1,0,map_accept,0.99,23.4,58.1,7,2,14.0
166,1790599393.5292773,0.1732,0.1648,28.8,-7.09,-6.0,5.12,0.76,accepted,11.6,-0.28,363,529,10,1,0,map_accept,0.99,22.0,83.5,7,2,14.0
167,1790599393.6004949,0.1727,0.0961,30.0,-5.85,-1.6,5.09,0.75,accepted,12.8,-0.08,371,545,10,1,0,map_accept,0.99,25.2,97.8,7,2,14.0
168,1790599393.71021,0.1718,0.0504,37.2,-7.24,-1.3,5.01,0.74,accepted,0.8,-0.24,378,521,10,1,0,map_accept,0.98,14.9,-27.4,7,4,14.0
169,1790599393.7865434,0.1717,0.0000,31.7,-3.98,-0.8,5.27,0.74,accepted,1.3,0.75,379,507,10,1,0,map_accept,0.99,14.9,-0.1,7,4,14.0
170,1790599393.86373,0.1709,-0.1011,29.0,-4.36,13.4,6.73,0.74,accepted,40.6,4.16,364,470,10,1,0,map_accept,0.99,51.8,-81.5,7,5,14.0
171,1790599393.9300108,0.1702,-0.1764,73.5,-15.41,21.3,7.60,0.73,accepted,22.6,2.50,362,440,10,1,0,map_accept,0.99,34.6,-66.4,7,5,14.0
172,1790599394.004842,0.1707,-0.2447,51.9,-10.08,18.0,7.56,0.73,accepted,-9.5,-0.10,382,458,10,1,0,map_accept,0.99,2.5,80.2,7,4,14.0
173,1790599394.0734591,0.1711,-0.2689,50.9,-8.13,14.2,7.37,0.74,accepted,-10.7,-0.55,348,473,10,1,0,map_accept,0.99,-0.8,67.1,7,3,14.0
174,1790599394.1410491,0.1717,-0.3008,57.0,-11.99,17.1,7.56,0.74,accepted,8.3,0.53,352,474,10,1,0,map_accept,0.99,15.8,15.0,7,4,14.0
175,1790599394.2140949,0.1722,-0.3382,30.2,-4.91,20.0,7.89,0.75,accepted,8.1,0.93,361,480,10,1,0,map_accept,0.99,15.9,28.9,7,4,14.0
176,1790599394.283394,0.1725,-0.3721,46.0,-4.22,21.5,8.21,0.75,accepted,4.3,0.93,366,488,10,1,0,map_accept,0.99,12.8,30.3,7,3,14.0
177,1790599394.3500528,0.1722,-0.3819,33.6,-2.66,19.1,8.09,0.75,accepted,-6.7,-0.34,368,497,10,1,0,map_accept,0.99,2.3,31.5,7,3,14.0
178,1790599394.4204981,0.1724,-0.3775,29.9,-1.69,17.1,8.01,0.75,accepted,-5.9,-0.24,370,508,10,1,0,map_accept,0.99,2.9,31.8,7,3,14.0
179,1790599394.489893,0.1722,-0.3643,32.1,-12.59,15.3,7.77,0.75,accepted,-5.1,-0.67,376,523,10,1,0,map_accept,0.99,3.5,44.8,7,3,14.0
180,1790599394.5570438,0.1730,-0.3549,26.4,-2.89,15.2,7.68,0.75,accepted,-0.3,-0.27,381,542,10,1,0,map_accept,0.99,9.3,61.9,7,2,14.0
181,1790599394.6290622,0.1735,-0.3548,-13.3,16.38,16.2,7.81,0.76,accepted,2.8,0.36,392,562,10,1,0,map_accept,0.99,14.1,72.4,7,2,14.0
182,1790599394.700877,0.1739,-0.3424,38.4,-6.49,14.0,7.58,0.76,accepted,-6.2,-0.66,400,588,10,1,0,map_accept,0.99,6.5,98.8,7,0,14.0
183,1790599394.770049,0.1742,-0.3212,32.9,-5.54,11.7,7.34,0.77,accepted,-6.5,-0.66,402,609,10,1,0,map_accept,0.99,6.5,97.0,7,0,14.0
184,1790599394.8465588,0.1728,-0.2571,57.7,-11.12,2.8,6.86,0.75,accepted,-25.5,-1.39,404,609,10,1,0,map_accept,0.99,-13.1,37.1,7,3,14.0
185,1790599394.9211266,0.1720,-0.1963,45.5,-6.44,-0.1,6.31,0.75,accepted,-8.3,-1.56,407,613,10,1,0,map_accept,0.99,-1.2,58.3,7,2,14.0
186,1790599394.9898772,0.1728,-0.1749,33.7,-0.81,3.0,6.52,0.75,accepted,8.8,0.59,384,608,10,1,0,map_accept,0.99,12.6,34.5,7,2,14.0
187,1790599395.0612555,0.1730,-0.2041,25.5,-4.96,11.1,6.52,0.75,accepted,23.0,0.02,400,603,10,1,0,map_accept,0.99,26.7,33.1,7,2,14.0
188,1790599395.1374683,0.1724,-0.2648,34.4,-2.56,19.4,6.14,0.75,accepted,23.9,-1.10,405,591,10,1,0,map_accept,0.99,31.1,12.1,7,3,14.0
189,1790599395.233284,0.1722,-0.3135,52.2,-8.18,21.9,5.45,0.75,accepted,7.1,-1.98,406,593,10,1,0,map_accept,0.99,19.7,57.7,7,2,14.0
190,1790599395.3061848,0.1686,-0.3198,44.3,-5.52,17.6,4.91,0.71,accepted,-12.4,-1.53,357,576,9,1,0,map_accept,0.98,3.3,-4.4,7,3,14.0
191,1790599395.3743145,0.1704,-0.3158,37.6,-4.11,16.1,4.76,0.73,accepted,-4.1,-0.44,390,568,10,1,0,map_accept,0.98,10.5,26.2,7,2,14.0
192,1790599395.4428809,0.1716,-0.2889,72.7,-10.81,11.9,4.45,0.74,accepted,-12.1,-0.89,401,570,10,1,0,map_accept,0.98,-1.9,57.2,7,2,14.0
193,1790599395.516801,0.1724,-0.2271,32.4,4.47,4.4,3.75,0.75,accepted,-21.4,-1.99,402,576,10,1,0,map_accept,0.98,-16.9,73.8,7,2,14.0
194,1790599395.5873237,0.1698,-0.1907,56.2,-10.02,5.1,3.74,0.73,accepted,2.0,-0.03,335,559,9,1,0,map_hold,0.98,17.6,-28.0,7,0,14.0
195,1790599395.6542444,0.1721,-0.2384,71.2,-12.33,17.8,4.26,0.75,accepted,36.4,1.50,376,543,10,1,0,map_accept,0.98,32.7,0.1,7,3,14.0
196,1790599395.7286136,0.1732,-0.3130,37.7,0.32,25.8,4.58,0.76,accepted,22.7,0.91,380,532,10,1,0,map_accept,0.98,22.3,11.6,7,3,14.0
197,1790599395.7986956,0.1740,-0.3785,74.1,-13.02,30.7,4.75,0.76,accepted,14.0,0.47,384,529,10,1,0,map_accept,0.98,16.4,22.8,7,3,14.0
198,1790599395.8668134,0.1742,-0.4210,52.1,2.88,34.1,4.82,0.77,accepted,9.8,0.22,382,530,10,1,0,map_accept,0.99,14.3,30.7,7,3,14.0
199,1790599395.9364982,0.1743,-0.4486,54.4,-4.27,36.4,4.69,0.77,accepted,6.6,-0.39,390,535,10,1,0,map_accept,0.99,12.5,35.4,7,3,14.0
200,1790599396.0044026,0.1735,-0.4666,59.6,-5.97,37.7,4.41,0.76,accepted,3.6,-0.79,392,543,10,1,0,map_accept,0.99,11.2,44.5,7,2,14.0
201,1790599396.0701983,0.1731,-0.4783,53.4,-7.78,41.5,4.22,0.76,accepted,10.8,-0.55,398,561,10,1,0,map_accept,0.99,20.3,76.6,7,2,14.0
202,1790599396.1380746,0.1731,-0.4859,86.3,-21.74,44.3,4.30,0.76,accepted,8.0,0.24,394,581,10,1,0,map_accept,0.99,20.1,84.8,7,2,14.0
203,1790599396.2051811,0.1725,-0.4908,44.1,-1.20,43.7,4.30,0.75,accepted,-1.8,0.00,397,616,10,1,0,map_accept,0.99,11.9,135.7,7,1,14.0
204,1790599396.2736409,0.1718,-0.4940,45.4,-1.54,36.6,3.92,0.74,accepted,-20.2,-1.10,394,619,10,1,0,map_accept,0.99,-6.8,39.4,7,1,14.0
205,1790599396.3424335,0.1717,-0.4961,50.3,-3.13,33.0,3.83,0.74,accepted,-10.4,-0.25,394,624,10,1,0,map_accept,0.99,0.8,57.6,7,1,14.0
206,1790599396.413112,0.1721,-0.4975,38.0,1.24,32.4,3.87,0.75,accepted,-1.7,0.10,388,628,10,1,0,map_accept,0.99,7.7,54.3,7,1,14.0
207,1790599396.482899,0.1727,-0.4984,46.2,-2.93,33.9,4.11,0.75,accepted,4.4,0.70,394,631,10,1,0,map_accept,0.99,13.4,54.0,7,1,14.0
208,1790599396.5546174,0.1730,-0.4989,59.4,-8.66,29.5,4.24,0.75,accepted,-12.7,0.36,400,617,10,1,0,map_accept,0.99,-3.3,-4.6,7,3,14.0
209,1790599396.6233735,0.1735,-0.4851,67.7,-12.74,25.7,4.16,0.76,accepted,-10.7,-0.21,406,614,10,1,0,map_accept,0.99,-3.1,25.6,7,3,14.0
210,1790599396.6921842,0.1724,-0.4750,73.2,-6.29,25.4,4.25,0.75,accepted,-1.0,0.24,390,620,10,1,0,map_accept,0.99,4.2,46.4,7,2,14.0
211,1790599396.7691438,0.1659,-0.4724,40.8,0.06,25.9,4.38,0.69,accepted,1.6,0.38,388,630,8,1,0,map_accept,0.97,5.2,61.7,6,0,14.0
212,1790599396.8406725,0.1654,-0.4769,85.2,-11.35,26.6,4.87,0.69,accepted,1.8,1.40,410,641,9,1,0,map_accept,0.97,4.5,69.3,6,0,14.0
213,1790599396.9094183,0.1651,-0.4847,97.6,-16.30,27.3,4.98,0.68,accepted,2.2,0.33,417,653,9,1,0,map_accept,0.97,1.9,85.6,6,0,14.0
214,1790599396.983671,0.1637,-0.4900,47.6,-0.06,28.1,5.10,0.67,accepted,2.1,0.35,405,636,8,1,0,map_hold,0.96,17.5,-65.0,6,0,14.0
215,1790599397.0530424,0.1646,-0.4935,45.9,0.44,44.0,6.04,0.68,accepted,45.4,2.69,432,629,9,1,0,map_accept,0.96,43.2,39.4,6,2,14.0
216,1790599397.1216447,0.1643,-0.4958,87.3,-16.26,47.0,6.22,0.68,accepted,8.5,0.51,437,607,9,1,0,map_accept,0.96,11.5,-11.3,6,3,14.0
217,1790599397.1917708,0.1638,-0.4973,65.2,-4.37,47.9,6.26,0.67,accepted,2.5,0.12,445,593,9,1,0,map_accept,0.96,8.3,10.2,6,2,14.0
218,1790599397.2624636,0.1663,-0.4982,42.3,-0.27,46.7,6.09,0.69,accepted,-3.4,-0.48,379,577,10,1,0,map_accept,0.98,4.3,-5.7,7,3,14.0
219,1790599397.3328722,0.1677,-0.4988,65.4,-9.65,44.0,6.06,0.71,accepted,-7.7,-0.10,392,580,10,1,0,map_accept,0.98,2.0,54.2,7,2,14.0
220,1790599397.4054096,0.1687,-0.4992,40.1,1.55,41.3,5.94,0.72,accepted,-7.7,-0.35,399,589,10,1,0,map_accept,0.98,2.4,78.3,7,2,14.0
221,1790599397.4763834,0.1695,-0.4995,64.0,-7.84,37.1,5.75,0.72,accepted,-12.0,-0.54,408,600,10,1,0,map_accept,0.99,-1.7,88.2,7,2,14.0
222,1790599397.551695,0.1711,-0.4997,20.6,9.46,37.7,5.76,0.74,accepted,1.9,0.04,419,594,10,1,0,map_accept,0.99,11.6,41.3,7,3,14.0
223,1790599397.6207893,0.1685,-0.4998,13.6,13.97,32.5,5.34,0.71,accepted,-15.0,-1.21,431,578,9,1,0,map_accept,0.98,-4.4,6.1,6,4,14.0
224,1790599397.6940355,0.1703,-0.4999,27.3,5.77,26.5,4.88,0.73,accepted,-17.0,-1.31,394,560,10,1,0,map_accept,0.98,-7.6,-2.8,7,4,14.0
225,1790599397.768704,0.1715,-0.4754,25.1,7.97,22.1,4.59,0.74,accepted,-12.8,-0.82,394,549,10,1,0,map_accept,0.99,-5.4,12.3,7,4,14.0
226,1790599397.8435118,0.1725,-0.4418,35.5,3.85,18.8,4.43,0.75,accepted,-9.3,-0.46,399,544,10,1,0,map_accept,0.99,-3.9,20.9,7,4,14.0
227,1790599397.9159625,0.1735,-0.4147,43.8,0.93,17.7,4.48,0.76,accepted,-3.1,0.12,410,544,10,1,0,map_accept,0.98,0.4,28.8,7,4,14.0
228,1790599397.9916956,0.1828,-0.3877,116.9,-36.06,16.3,4.07,0.84,accepted,-4.0,-1.15,415,543,10,1,0,map_accept,0.99,-1.8,16.8,7,4,14.0
229,1790599398.0652487,0.1795,-0.3701,-3.8,27.63,16.4,3.99,0.81,accepted,0.2,-0.25,409,547,10,1,0,map_accept,0.99,1.0,25.5,7,3,14.0
230,1790599398.1402793,0.1777,-0.3625,74.7,-14.40,17.1,3.93,0.80,accepted,2.1,-0.17,428,554,10,1,0,map_accept,0.99,2.8,35.7,7,3,14.0
231,1790599398.2170553,0.1762,-0.3718,82.3,-12.81,19.4,4.26,0.78,accepted,6.6,0.93,440,569,10,1,0,map_accept,0.99,7.6,57.9,7,3,14.0
232,1790599398.3822384,0.1756,-0.3878,77.5,-9.26,21.0,4.44,0.78,accepted,4.6,0.52,440,584,10,1,0,map_accept,0.99,5.9,56.9,7,3,14.0
233,1790599398.4598737,0.1748,-0.4049,70.2,-6.32,22.8,3.95,0.77,accepted,5.0,-1.38,439,599,10,1,0,map_accept,0.99,6.5,57.5,7,3,14.0
234,1790599398.5435538,0.1748,-0.4382,14.9,0.01,28.4,3.68,0.77,accepted,16.0,-0.78,428,627,10,1,0,map_accept,0.99,20.6,110.5,7,1,14.0
235,1790599398.6263359,0.1716,-0.4598,-25.1,19.58,33.1,3.57,0.74,accepted,13.6,-0.32,449,649,9,1,0,map_accept,0.98,23.8,106.0,6,2,14.0
236,1790599398.709161,0.1730,-0.4739,26.1,6.23,35.9,4.14,0.75,accepted,7.9,1.63,384,670,10,1,0,map_accept,0.98,23.4,120.7,7,1,14.0
237,1790599398.7934637,0.1712,-0.3822,-5.5,13.70,2.2,1.80,0.74,accepted,-96.1,-6.70,395,654,10,1,0,map_accept,0.99,-78.9,12.2,7,2,14.0
238,1790599398.8790026,0.1722,-0.2702,42.0,2.83,-13.6,0.94,0.75,accepted,-45.2,-2.44,406,632,10,1,0,map_accept,0.99,-38.8,-2.8,7,2,14.0
239,1790599398.9574258,0.1727,-0.1789,53.7,-0.63,-4.8,1.94,0.75,accepted,25.1,2.84,412,590,10,1,0,map_accept,0.99,23.8,-79.7,7,3,14.0
240,1790599399.048183,0.1731,-0.1465,81.6,-9.09,0.9,2.83,0.76,accepted,16.3,2.56,419,566,10,1,0,map_accept,0.98,14.3,-30.1,7,3,14.0
241,1790599399.1295924,0.1736,-0.1431,31.4,8.45,3.4,3.50,0.76,accepted,7.1,1.93,419,557,10,1,0,map_accept,0.99,4.6,6.6,7,3,14.0
242,1790599399.205167,0.1707,-0.1049,54.1,-5.01,-3.1,3.38,0.73,accepted,-18.4,-0.36,355,580,9,1,0,map_accept,0.98,-22.5,102.6,6,2,14.0
243,1790599399.2764955,0.1715,-0.0609,54.3,-3.01,-6.7,3.54,0.74,accepted,-10.4,0.48,411,602,10,1,0,map_accept,0.98,-18.8,96.4,7,2,14.0
244,1790599399.3521483,0.1721,-0.0733,83.7,-18.99,-0.1,4.29,0.75,accepted,19.0,2.12,422,597,10,1,0,map_accept,0.99,7.2,14.0,7,2,14.0
245,1790599399.4240632,0.1685,-0.1168,50.4,-6.50,5.6,5.08,0.71,accepted,16.1,2.26,369,597,9,1,0,map_accept,0.98,5.1,29.0,6,1,14.0
246,1790599399.4959586,0.1708,-0.1719,47.3,-6.30,10.4,5.19,0.73,accepted,13.9,0.32,375,604,10,1,0,map_accept,0.98,4.9,50.0,7,1,14.0
247,1790599399.5665946,0.1721,-0.2363,70.6,-13.27,15.4,5.51,0.75,accepted,14.3,0.92,374,610,10,1,0,map_accept,0.99,8.2,46.7,7,1,14.0
248,1790599399.6453068,0.1730,-0.3166,38.6,-2.56,22.1,6.14,0.75,accepted,19.1,1.80,378,621,10,1,0,map_accept,0.99,15.6,67.5,7,1,14.0
249,1790599399.7150009,0.1713,-0.3808,33.3,-3.52,25.2,6.53,0.74,accepted,8.9,1.11,371,633,10,1,0,map_accept,0.98,8.7,72.7,7,0,14.0
250,1790599399.8097184,0.1716,-0.4225,41.2,-4.97,24.4,6.12,0.74,accepted,-2.2,-1.18,377,628,10,1,0,map_accept,0.98,-0.7,21.6,7,1,14.0
251,1790599399.8859003,0.1732,-0.4496,58.3,-8.91,27.2,5.84,0.76,accepted,7.8,-0.79,384,621,10,1,0,map_accept,0.99,9.9,11.1,7,2,14.0
252,1790599399.9592118,0.1692,-0.4673,-83.8,23.99,31.4,5.59,0.72,accepted,12.1,-0.71,371,627,9,1,0,map_accept,0.98,17.3,52.2,6,0,14.0
253,1790599400.0317338,0.1666,-0.4787,-0.8,4.43,34.2,5.71,0.70,accepted,8.1,0.33,371,637,9,1,0,map_accept,0.97,18.3,64.2,6,0,14.0
254,1790599400.103519,0.1698,-0.4862,-10.3,11.38,32.2,4.82,0.73,accepted,-5.7,-2.52,396,643,10,1,0,map_accept,0.99,9.2,46.9,7,0,14.0
255,1790599400.1739056,0.1713,-0.4910,39.9,-2.43,29.3,4.00,0.74,accepted,-8.2,-2.35,403,657,10,1,0,map_accept,0.99,12.1,85.1,7,0,14.0
256,1790599400.2479568,0.1724,-0.4942,49.7,-4.95,26.4,4.03,0.75,accepted,-8.3,0.10,414,687,10,1,0,map_accept,0.99,16.3,149.0,7,0,14.0
257,1790599400.318569,0.1698,-0.4121,25.5,-0.88,4.1,2.51,0.73,accepted,-63.9,-4.34,397,659,9,1,0,map_accept,0.98,-39.9,-21.4,7,3,14.0
258,1790599400.4021733,0.1684,-0.3169,45.6,1.12,1.1,2.59,0.71,accepted,-8.3,0.23,405,617,9,1,0,map_accept,0.98,5.3,-63.2,7,3,14.0
259,1790599400.4964416,0.1710,-0.2514,66.9,-6.89,2.9,2.93,0.74,accepted,5.1,0.97,412,595,10,1,0,map_accept,0.98,11.7,1.5,7,3,14.0
260,1790599400.5704067,0.1691,-0.2642,98.4,-17.13,12.5,3.52,0.72,accepted,27.3,1.69,348,572,9,1,0,map_accept,0.98,29.1,-10.8,7,3,14.0
261,1790599400.6416214,0.1680,-0.3323,49.8,3.45,23.1,4.14,0.71,accepted,30.3,1.76,353,559,9,1,0,map_accept,0.97,33.0,19.0,7,3,14.0
262,1790599400.7190003,0.1710,-0.3910,91.4,-14.46,30.2,4.34,0.74,accepted,20.4,0.58,397,552,10,1,0,map_accept,0.98,26.1,30.8,7,3,14.0
263,1790599400.7947743,0.1728,-0.4291,82.3,-7.37,34.3,4.57,0.75,accepted,11.5,0.65,396,547,10,1,0,map_accept,0.98,17.5,30.7,7,3,14.0
264,1790599400.8696103,0.1736,-0.4539,65.2,3.84,40.5,4.65,0.76,accepted,17.7,0.22,382,541,10,1,0,map_accept,0.99,22.7,15.9,7,3,14.0
265,1790599400.9469588,0.1743,-0.4701,88.4,-10.72,44.9,4.34,0.77,accepted,12.5,-0.87,382,543,10,1,0,map_accept,0.99,17.3,37.2,7,2,14.0
266,1790599401.0287971,0.1745,-0.4805,89.9,-11.47,49.0,3.95,0.77,accepted,11.9,-1.13,351,554,10,1,0,map_accept,0.99,16.8,60.2,7,1,14.0
267,1790599401.1039743,0.1749,-0.4874,120.8,-20.01,52.3,3.90,0.77,accepted,9.5,-0.14,358,567,10,1,0,map_accept,0.99,15.1,63.9,7,1,14.0
268,1790599401.1802099,0.1714,-0.4918,75.8,-4.87,54.4,3.53,0.74,accepted,5.9,-1.07,335,584,9,1,0,map_accept,0.98,11.5,78.0,7,1,14.0
269,1790599401.250222,0.1684,-0.4947,51.5,10.10,53.8,3.23,0.71,accepted,-1.7,-0.85,341,586,9,1,0,map_accept,0.97,4.9,38.8,7,2,14.0
270,1790599401.3621936,0.1699,-0.4965,104.8,-16.50,57.5,3.09,0.73,accepted,10.4,-0.41,376,591,10,1,0,map_accept,0.98,17.4,56.8,7,2,14.0
271,1790599401.4380152,0.1617,-0.4977,30.0,9.98,55.2,1.37,0.65,accepted,-6.5,-4.90,410,577,8,1,0,map_accept,0.97,1.7,-2.3,5,2,14.0
272,1790599401.514548,0.1655,-0.4985,61.9,-6.75,53.4,1.13,0.69,accepted,-5.2,-0.69,344,572,10,1,0,map_accept,0.99,2.6,22.3,7,1,14.0
273,1790599401.5851467,0.1672,-0.4990,61.2,-7.53,48.4,0.90,0.70,accepted,-14.1,-0.67,350,578,10,1,0,map_accept,0.99,-5.2,56.2,7,1,14.0
274,1790599401.6589038,0.1594,-0.4994,38.4,9.13,45.6,-0.32,0.63,accepted,-8.2,-3.48,445,592,7,1,0,map_accept,0.97,0.5,77.2,4,1,14.0
275,1790599401.7291787,0.1584,-0.4996,58.4,-3.23,42.8,-0.19,0.62,accepted,-7.9,0.38,368,582,8,1,0,map_hold,0.97,1.1,16.9,6,0,14.0
276,1790599401.8061612,0.1631,-0.4997,23.5,6.56,34.8,0.19,0.66,accepted,-22.8,1.10,371,588,10,1,0,map_accept,0.98,-16.3,53.3,7,0,14.0
277,1790599401.8796282,0.1663,-0.4998,86.7,-6.97,35.4,0.94,0.69,accepted,1.7,2.12,347,594,10,1,0,map_accept,0.99,3.2,59.8,7,0,14.0
278,1790599401.9665956,0.1690,-0.4999,54.6,0.41,41.5,1.65,0.72,accepted,17.3,2.04,374,584,10,1,0,map_accept,0.99,17.2,10.0,7,2,14.0
279,1790599402.0369213,0.1706,-0.4999,50.2,1.93,46.6,1.88,0.73,accepted,14.5,0.66,359,578,10,1,0,map_accept,0.99,17.1,21.2,7,1,14.0
280,1790599402.1111426,0.1714,-0.5000,80.3,-12.63,50.5,2.07,0.74,accepted,11.2,0.54,365,580,10,1,0,map_accept,0.99,19.3,50.6,7,1,14.0
281,1790599402.1809342,0.1720,-0.5000,-3.9,18.27,53.5,2.23,0.75,accepted,8.5,0.47,367,583,10,1,0,map_accept,0.99,21.7,58.7,7,1,14.0
282,1790599402.2516046,0.1533,-0.5000,-9.1,21.49,53.5,2.23,0.58,pending,-33.0,-18.31,429,583,5,1,1,map_accept,0.96,-15.6,-4.5,2,1,14.0
283,1790599402.3216803,0.1403,-0.5000,-3.1,18.54,53.5,2.23,0.46,pending,-47.2,-19.09,431,583,5,1,2,map_accept,0.93,-21.7,29.5,2,1,14.0
284,1790599402.390782,0.1298,-0.5000,-19.9,26.01,53.5,2.23,0.36,pending,-37.5,-18.20,452,583,4,1,3,map_accept,0.90,-4.9,-36.7,1,0,14.0
285,1790599402.4613998,0.1354,-0.5000,43.2,-5.03,40.4,1.58,0.41,accepted,-37.2,-1.87,354,553,6,1,0,map_accept,0.89,-3.1,-0.1,3,0,14.0
286,1790599402.5356162,0.1479,-0.5000,47.0,-8.86,33.1,1.82,0.53,accepted,-20.9,0.70,399,537,9,1,0,map_accept,0.92,1.7,24.9,6,4,14.0
287,1790599402.606119,0.1551,-0.5000,23.1,6.96,27.4,2.03,0.59,accepted,-16.4,0.62,411,531,9,1,0,map_accept,0.94,-0.3,46.3,6,4,14.0
288,1790599402.694519,0.1594,-0.4895,-34.0,31.84,23.2,2.18,0.63,accepted,-11.9,0.42,426,532,9,1,0,map_accept,0.95,-0.1,57.8,6,4,14.0
289,1790599402.7658012,0.1586,-0.4490,79.9,-10.81,16.8,2.32,0.62,accepted,-18.5,0.41,418,523,8,1,0,map_accept,0.94,-9.2,22.4,6,4,14.0
290,1790599402.8359046,0.1433,-0.4146,170.0,-17.06,15.3,2.27,0.48,pending,-18.5,-0.61,295,523,5,1,0,map_accept,0.92,-11.5,40.7,3,0,14.0
291,1790599402.9024403,0.1325,-0.3820,170.3,-17.49,13.6,2.22,0.39,pending,-21.3,-0.64,304,524,5,1,0,map_accept,0.90,-11.5,45.9,3,0,14.0
292,1790599402.9739294,0.1250,-0.3517,170.1,-18.11,12.0,2.19,0.32,pending,-19.1,-0.38,311,525,5,1,0,map_accept,0.88,-7.3,53.4,3,0,14.0
293,1790599403.0441315,0.1295,-0.2900,54.6,5.29,3.6,2.92,0.36,accepted,-24.0,2.09,319,530,5,1,0,map_accept,0.87,-11.0,43.4,3,0,14.0
294,1790599403.1209059,0.1213,-0.2493,-197.8,55.96,3.6,2.92,0.28,pending,-21.6,-21.33,453,530,3,1,1,map_accept,0.84,-16.4,79.9,1,0,14.0
295,1790599403.1967905,0.1272,-0.1693,40.9,-5.91,-14.2,2.51,0.34,accepted,-50.9,-1.17,357,552,4,1,0,map_accept,0.82,-45.6,101.7,2,3,14.0
296,1790599403.2879815,0.1203,-0.0733,69.8,-9.74,-13.6,2.70,0.28,pending,7.3,2.34,250,549,3,1,0,map_pending,0.81,5.3,-24.3,2,0,14.0
297,1790599403.3569138,0.1141,0.0000,-167.0,60.60,-12.6,2.80,0.22,pending,11.8,1.29,412,546,2,1,0,map_pending,0.77,-12.0,-4.0,0,0,14.0
298,1790599403.4293458,0.1098,0.0244,-151.8,59.55,-11.4,2.96,0.18,pending,15.4,1.97,426,542,2,1,0,map_pending,0.73,-8.4,22.0,0,0,14.0
299,1790599403.499073,0.1067,0.0284,114.2,-5.60,-9.4,3.22,0.15,pending,24.7,3.27,355,538,2,1,0,map_pending,0.70,71.7,-113.1,0,0,14.0
300,1790599403.5709474,0.1179,-0.0319,108.5,0.00,0.6,4.56,0.25,accepted,28.7,3.81,367,508,1,1,0,map_pending,0.65,69.8,-76.4,0,0,14.0
301,1790599403.6434166,0.1161,-0.0706,114.0,0.00,0.6,4.56,0.24,pending,-1.6,-17.48,450,508,2,1,1,map_accept,0.64,-21.5,92.8,0,0,14.0
302,1790599403.7199047,0.1149,-0.0951,121.5,0.00,0.6,4.56,0.23,pending,6.6,-16.88,468,508,2,1,2,map_accept,0.62,-17.4,103.9,0,0,14.0
303,1790599403.7899256,0.1140,-0.1105,130.7,0.00,0.6,4.56,0.22,pending,12.4,-16.30,484,508,2,1,3,map_accept,0.60,-17.8,115.3,0,0,14.0
304,1790599403.8647377,0.1245,-0.2021,143.0,0.00,37.1,1.10,0.31,accepted,104.4,-9.88,423,477,2,1,0,map_accept,0.57,68.2,-51.2,0,1,14.0
305,1790599403.9551587,0.1297,-0.2858,139.0,0.00,64.0,-0.51,0.36,accepted,76.9,-4.59,423,461,1,1,0,map_accept,0.54,52.1,-3.0,0,0,14.0
306,1790599404.0289197,0.1340,-0.3608,151.0,0.00,85.7,-0.95,0.40,accepted,62.0,-1.24,452,458,1,1,0,map_accept,0.50,53.1,40.8,0,0,14.0
307,1790599404.0996466,0.1340,-0.4095,174.4,0.10,108.0,-1.56,0.40,accepted,63.8,-1.77,342,476,2,1,0,map_accept,0.48,71.4,111.2,0,0,14.0
308,1790599404.1709495,0.1247,-0.4412,680.4,-48.05,112.2,-1.10,0.32,pending,52.0,5.82,277,478,3,1,0,map_accept,0.47,76.6,99.2,0,0,14.0
309,1790599404.2429695,0.1298,-0.4618,40.8,-1.44,102.4,-0.17,0.36,accepted,-28.1,2.66,426,463,4,1,0,map_pending,0.51,-27.9,329.2,0,1,14.0
310,1790599404.3172522,0.1350,-0.4751,35.7,-4.95,62.1,1.32,0.41,accepted,-115.1,4.25,432,486,6,1,0,map_accept,0.59,-83.5,136.5,3,4,14.0
311,1790599404.3881125,0.1405,-0.4838,27.4,-3.89,34.7,2.39,0.46,accepted,-78.3,3.06,440,516,6,1,0,map_accept,0.66,-57.4,149.1,4,3,14.0
312,1790599404.461053,0.1508,-0.4520,77.5,-22.96,18.0,3.50,0.55,accepted,-47.7,3.18,425,544,9,1,0,map_accept,0.77,-37.4,140.0,6,3,14.0
313,1790599404.531264,0.1547,-0.4222,29.5,4.36,16.9,2.86,0.59,accepted,-3.1,-1.83,424,535,8,1,0,map_hold,0.82,5.6,265.1,6,0,14.0
314,1790599404.602173,0.1559,-0.4018,34.0,-6.97,16.5,2.99,0.60,accepted,-1.1,0.36,420,529,8,1,0,map_hold,0.85,25.9,216.9,6,1,14.0
315,1790599404.675402,0.1578,-0.3907,37.2,-3.01,16.5,3.41,0.62,accepted,-0.2,1.20,438,525,8,1,0,map_hold,0.87,22.2,256.1,6,0,14.0
316,1790599404.7694023,0.1589,-0.3862,-10.0,12.05,16.3,3.97,0.63,accepted,-0.4,1.62,430,523,8,1,0,map_hold,0.88,5.2,218.2,6,1,14.0
317,1790599404.8407092,0.1479,-0.3836,23.4,1.29,16.2,4.09,0.53,pending,-1.3,1.51,440,532,9,1,0,map_accept,0.92,-0.3,175.0,6,1,14.0
318,1790599404.9192533,0.1547,-0.4181,92.3,-22.29,22.1,5.01,0.59,accepted,16.8,2.62,452,561,9,1,0,map_accept,0.93,21.8,75.1,6,2,14.0
319,1790599404.9945378,0.1573,-0.4468,52.0,-1.18,27.0,6.70,0.61,accepted,13.9,4.82,459,592,9,1,0,map_accept,0.94,24.5,117.7,6,2,14.0
320,1790599405.068699,0.1603,-0.3672,54.2,-9.65,4.0,5.52,0.64,accepted,-65.5,-3.35,427,559,9,1,0,map_accept,0.95,-53.7,-80.6,6,4,14.0
321,1790599405.1466453,0.1621,-0.2781,41.5,-4.95,-5.1,5.39,0.66,accepted,-26.0,-0.38,475,539,9,1,0,map_accept,0.95,-22.0,-29.6,6,4,14.0
322,1790599405.2227602,0.1673,-0.2050,65.3,-16.98,-5.5,5.50,0.70,accepted,-1.2,0.32,404,512,10,1,0,map_accept,0.97,-2.5,-51.4,7,5,14.0
323,1790599405.3039455,0.1705,-0.2330,64.7,-14.64,7.1,6.60,0.73,accepted,36.0,3.12,426,532,10,1,0,map_accept,0.98,32.1,90.8,7,2,14.0
324,1790599405.406041,0.1718,-0.3082,70.6,-16.47,17.0,7.41,0.74,accepted,28.4,2.33,434,548,10,1,0,map_accept,0.98,25.3,70.4,7,2,14.0
325,1790599405.4783459,0.1722,-0.3753,68.1,-15.27,27.4,7.89,0.75,accepted,29.5,1.36,418,564,10,1,0,map_accept,0.98,27.8,65.7,7,2,14.0
326,1790599405.5607536,0.1721,-0.4190,50.7,-8.42,36.0,8.06,0.75,accepted,24.6,0.51,403,586,10,1,0,map_accept,0.99,26.7,81.4,7,2,14.0
327,1790599405.6435204,0.1721,-0.4473,58.7,-12.43,41.9,8.09,0.75,accepted,17.0,0.07,388,608,10,1,0,map_accept,0.99,24.3,87.2,7,1,14.0
328,1790599405.7583756,0.1720,-0.4658,65.9,-9.99,43.7,7.99,0.75,accepted,5.1,-0.29,392,623,10,1,0,map_accept,0.99,17.4,73.9,7,1,14.0
329,1790599405.8474832,0.1720,-0.4777,58.3,-7.25,36.1,7.20,0.75,accepted,-21.7,-2.25,398,624,10,1,0,map_accept,0.99,-6.1,38.0,7,1,14.0
330,1790599405.9579008,0.1712,-0.4855,62.1,-16.62,31.0,6.59,0.74,accepted,-14.6,-1.75,402,628,10,1,0,map_accept,0.99,-0.0,51.7,7,1,14.0
331,1790599406.0357456,0.1664,-0.4906,87.8,-9.88,21.8,7.49,0.69,accepted,-26.2,2.56,376,621,9,1,0,map_accept,0.98,-12.9,11.8,7,2,14.0
332,1790599406.1104167,0.1672,-0.4844,79.7,-10.89,17.1,8.27,0.70,accepted,-13.6,2.25,406,621,10,1,0,map_accept,0.99,-8.8,47.8,7,3,14.0
333,1790599406.185421,0.1543,-0.4899,61.5,-5.99,23.8,8.79,0.58,pending,83.9,6.46,395,609,10,1,0,map_accept,0.98,80.7,-182.5,7,6,14.0
334,1790599406.263476,0.1595,-0.4934,13.0,6.26,19.7,7.78,0.63,accepted,-11.5,-2.90,419,623,9,1,0,map_accept,0.98,-32.6,162.1,7,2,14.0
335,1790599406.3314776,0.1625,-0.4957,124.5,-24.93,23.5,7.42,0.66,accepted,10.8,-1.01,425,637,9,1,0,map_accept,0.97,-5.9,150.9,7,2,14.0
336,1790599406.4096282,0.1663,-0.4972,80.6,-11.76,43.2,8.81,0.69,accepted,56.2,3.98,437,587,10,1,0,map_accept,0.98,44.7,-69.3,7,4,14.0
337,1790599406.4848087,0.1643,-0.4982,58.6,-6.37,44.0,8.91,0.68,accepted,2.4,0.26,378,564,8,1,0,map_hold,0.97,-43.6,187.8,7,1,14.0
338,1790599406.5771449,0.1664,-0.4988,59.4,-6.75,43.5,8.78,0.69,accepted,-1.6,-0.35,435,545,9,1,0,map_hold,0.96,-37.2,203.2,7,2,14.0
339,1790599406.64901,0.1683,-0.4992,102.5,-19.79,41.9,8.54,0.71,accepted,-4.5,-0.71,439,530,9,1,0,map_hold,0.96,-31.7,212.3,7,2,14.0
340,1790599406.7227812,0.1685,-0.4995,83.7,-15.15,39.7,8.17,0.71,accepted,-6.4,-1.03,447,518,9,1,0,map_hold,0.95,-23.5,213.5,7,2,14.0
341,1790599406.800062,0.1686,-0.4997,61.5,-9.33,36.8,7.78,0.71,accepted,-8.1,-1.14,455,512,9,1,0,map_pending,0.90,-4.4,200.8,7,3,14.0
342,1790599406.874368,0.1707,-0.4998,48.6,-3.18,43.5,7.68,0.73,accepted,18.9,-0.28,462,543,10,1,0,map_accept,0.95,27.5,124.8,7,3,14.0
343,1790599406.9457526,0.1729,-0.4999,58.2,-7.96,47.1,7.49,0.75,accepted,10.5,-0.54,456,552,10,1,0,map_accept,0.97,23.9,54.0,7,3,14.0
344,1790599407.0228708,0.1741,-0.4999,87.5,-17.43,34.1,6.73,0.76,accepted,-37.1,-2.17,426,560,10,1,0,map_accept,0.98,-19.5,50.0,7,2,14.0
345,1790599407.094776,0.1747,-0.4924,62.4,-13.23,18.6,6.21,0.77,accepted,-44.4,-1.48,432,562,10,1,0,map_accept,0.99,-29.2,29.6,7,2,14.0
346,1790599407.1959863,0.1748,-0.4275,53.0,-8.17,7.6,5.78,0.77,accepted,-31.4,-1.24,436,574,10,1,0,map_accept,0.99,-22.7,58.9,7,2,14.0
347,1790599407.2661376,0.1748,-0.4005,41.6,-4.77,10.3,5.94,0.77,accepted,7.6,0.46,445,578,10,1,0,map_accept,0.99,10.1,34.2,7,3,14.0
348,1790599407.3431973,0.1748,-0.4302,29.6,0.91,18.8,6.39,0.77,accepted,24.2,1.31,412,589,10,1,0,map_accept,0.99,26.0,56.0,7,2,14.0
349,1790599407.4191098,0.1741,-0.4546,23.9,4.73,21.5,6.68,0.76,accepted,7.7,0.80,386,593,10,1,0,map_accept,0.99,12.4,33.0,7,2,14.0
350,1790599407.4970605,0.1739,-0.4612,26.4,3.40,17.8,6.46,0.76,accepted,-10.5,-0.63,392,597,10,1,0,map_accept,0.99,-4.0,31.6,7,2,14.0
351,1790599407.5854669,0.1741,-0.4546,34.2,0.16,15.8,6.35,0.76,accepted,-5.8,-0.31,401,605,10,1,0,map_accept,0.99,0.1,40.8,7,2,14.0
352,1790599407.6897867,0.1741,-0.4422,33.4,1.16,14.3,6.27,0.76,accepted,-4.3,-0.22,411,616,10,1,0,map_accept,0.99,0.9,51.1,7,2,14.0
353,1790599407.7783165,0.1724,-0.4216,-15.0,6.57,12.0,6.13,0.75,accepted,-6.5,-0.41,379,630,10,1,0,map_accept,0.99,-2.1,59.6,7,1,14.0
354,1790599407.8913238,0.1707,-0.4052,-9.5,5.32,11.3,6.22,0.73,accepted,-2.0,0.26,396,646,10,1,0,map_accept,0.99,1.0,65.0,7,1,14.0
355,1790599407.9713917,0.1708,-0.3938,50.9,-14.76,11.2,6.15,0.73,accepted,-0.3,-0.19,404,660,10,1,0,map_accept,0.99,1.5,68.2,7,0,14.0
356,1790599408.0687203,0.1707,-0.3876,60.4,-19.68,11.6,6.00,0.73,accepted,1.1,-0.43,411,673,10,1,0,map_accept,0.99,2.1,66.0,7,0,14.0
357,1790599408.140808,0.1711,-0.3885,8.2,-3.90,12.2,6.20,0.74,accepted,1.9,0.57,416,674,10,1,0,map_accept,0.99,3.3,31.3,7,1,14.0
358,1790599408.2510943,0.1715,-0.4030,-19.7,3.24,15.0,6.11,0.74,accepted,7.8,-0.25,406,682,10,1,0,map_accept,0.99,8.9,63.6,7,0,14.0
359,1790599408.3233883,0.1715,-0.4370,54.0,-18.03,20.6,6.23,0.74,accepted,16.0,0.32,414,663,10,1,0,map_accept,0.99,19.6,-18.2,7,3,14.0
360,1790599408.4012084,0.1724,-0.4544,5.5,-6.06,19.2,5.61,0.75,accepted,-3.8,-1.77,427,652,10,1,0,map_accept,0.99,4.8,9.4,7,3,14.0
361,1790599408.4752016,0.1728,-0.4499,-25.7,13.50,16.9,4.94,0.75,accepted,-6.7,-1.90,441,647,10,1,0,map_accept,0.99,6.7,33.5,7,3,14.0
362,1790599408.5471668,0.1721,-0.3689,-36.2,14.69,3.8,3.55,0.75,accepted,-37.4,-3.98,404,625,10,1,0,map_accept,0.99,-20.7,-19.5,7,2,14.0
363,1790599408.6217258,0.1725,-0.2841,-13.6,4.19,-7.0,2.52,0.75,accepted,-30.8,-2.96,400,613,10,1,0,map_accept,0.99,-15.6,16.0,7,2,14.0
364,1790599408.7098463,0.1723,-0.1781,4.3,-0.97,-14.5,1.87,0.75,accepted,-21.5,-1.85,406,605,10,1,0,map_accept,0.99,-9.6,27.0,7,2,14.0
365,1790599408.7837274,0.1723,-0.0910,-7.0,-3.61,-23.5,1.43,0.75,accepted,-25.7,-1.26,410,590,10,1,0,map_accept,0.99,-17.8,7.3,7,2,14.0
366,1790599408.8626044,0.1710,0.0000,-45.2,11.15,-26.2,1.03,0.74,accepted,-7.7,-1.14,376,575,10,1,0,map_accept,0.99,-5.2,4.4,7,3,14.0
367,1790599408.93551,0.1711,0.0888,-36.9,19.60,-25.6,0.66,0.74,accepted,1.7,-1.05,374,562,10,1,0,map_accept,0.99,1.3,7.5,7,3,14.0
368,1790599409.0183437,0.1706,0.1430,-46.4,26.97,-22.3,0.71,0.73,accepted,9.6,0.13,378,556,10,1,0,map_accept,0.99,9.2,23.2,7,3,14.0
369,1790599409.107496,0.1704,0.1615,-26.8,3.09,-18.8,0.39,0.73,accepted,9.8,-0.90,358,557,10,1,0,map_accept,0.99,11.0,44.7,7,2,14.0
370,1790599409.2146685,0.1701,0.1875,-36.4,6.64,-20.6,-0.26,0.73,accepted,-5.2,-1.87,362,551,10,1,0,map_accept,0.98,0.1,15.1,7,2,14.0
371,1790599409.2900577,0.1707,0.2017,-39.9,8.06,-19.8,-0.57,0.73,accepted,2.4,-0.89,372,552,10,1,0,map_accept,0.98,10.2,29.8,7,2,14.0
372,1790599409.365114,0.1707,0.2161,-34.4,6.50,-20.4,-0.88,0.73,accepted,-1.7,-0.86,378,551,10,1,0,map_accept,0.98,8.8,20.8,7,3,14.0
373,1790599409.441877,0.1716,0.2549,-15.1,-0.96,-25.3,-1.31,0.74,accepted,-14.1,-1.23,376,562,10,1,0,map_accept,0.98,-2.4,56.5,7,2,14.0
374,1790599409.515364,0.1709,0.3407,-51.3,19.83,-39.7,-2.10,0.74,accepted,-41.2,-2.26,372,594,10,1,0,map_accept,0.98,-31.1,122.8,7,0,14.0
375,1790599409.5798523,0.1700,0.3964,-52.5,20.45,-45.7,-2.47,0.73,accepted,-17.0,-1.06,381,605,10,1,0,map_accept,0.98,-12.8,62.9,7,1,14.0
376,1790599409.6486628,0.1699,0.4327,-52.7,20.12,-48.3,-2.74,0.73,accepted,-7.6,-0.77,381,620,10,1,0,map_accept,0.98,-7.6,78.6,7,1,14.0
377,1790599409.7251189,0.1686,0.4562,-27.9,16.40,-46.2,-2.28,0.71,accepted,6.1,1.30,381,621,10,1,0,map_accept,0.98,3.1,39.2,7,2,14.0
378,1790599409.8233306,0.1677,0.4716,-45.4,23.66,-46.1,-2.14,0.71,accepted,0.2,0.41,371,628,10,1,0,map_accept,0.99,-5.0,68.2,7,1,14.0
379,1790599409.900386,0.1677,0.4815,-44.2,21.78,-47.8,-2.03,0.71,accepted,-4.6,0.30,381,637,10,1,0,map_accept,0.99,-12.1,80.8,7,1,14.0
380,1790599409.977337,0.1743,0.4880,-45.6,24.52,-51.2,-1.83,0.77,accepted,-9.7,0.59,409,645,9,1,0,map_accept,0.99,-19.5,86.6,6,1,14.0
381,1790599410.0491025,0.1717,0.4922,-7.8,7.67,-46.7,-0.99,0.74,accepted,12.7,2.38,403,630,10,1,0,map_accept,0.99,0.6,12.4,7,2,14.0
382,1790599410.1352189,0.1708,0.4949,18.0,-4.94,-42.5,-0.17,0.73,accepted,12.2,2.36,388,622,10,1,0,map_accept,0.98,-0.1,42.6,7,2,14.0
383,1790599410.2136314,0.1712,0.4645,27.3,-8.25,-31.6,0.94,0.74,accepted,31.0,3.16,394,606,10,1,0,map_accept,0.98,18.6,12.3,7,3,14.0
384,1790599410.3087287,0.1713,0.4123,-5.0,5.99,-26.2,1.45,0.74,accepted,15.6,1.45,385,592,10,1,0,map_accept,0.98,6.2,16.6,7,3,14.0
385,1790599410.3850155,0.1711,0.3477,10.1,2.81,-21.2,2.08,0.74,accepted,14.2,1.82,406,580,10,1,0,map_accept,0.98,7.4,17.8,7,3,14.0
386,1790599410.4586353,0.1716,0.2746,10.2,4.09,-16.2,2.71,0.74,accepted,14.2,1.79,419,574,10,1,0,map_accept,0.98,9.6,29.2,7,3,14.0
387,1790599410.5335429,0.1720,0.1996,17.2,0.69,-11.7,3.10,0.75,accepted,13.0,1.12,424,571,10,1,0,map_accept,0.98,10.2,36.9,7,3,14.0
388,1790599410.6096406,0.1722,0.1421,12.7,3.39,-10.3,3.31,0.75,accepted,3.9,0.60,431,574,10,1,0,map_accept,0.98,2.8,47.6,7,3,14.0
389,1790599410.6815505,0.1734,0.1046,37.4,-6.68,-10.4,3.40,0.76,accepted,-0.2,0.25,428,618,10,1,0,map_accept,0.98,-0.7,186.0,7,0,14.0
390,1790599410.7699807,0.1728,0.0372,35.5,-9.57,-3.1,3.84,0.75,accepted,20.9,1.26,408,625,10,1,0,map_accept,0.99,19.8,66.3,7,2,14.0
391,1790599410.8536608,0.1728,0.0000,59.4,-13.37,-1.4,4.05,0.75,accepted,4.8,0.58,414,617,10,1,0,map_accept,0.99,4.8,28.2,7,2,14.0
392,1790599410.9610186,0.1731,-0.0522,41.7,-4.45,0.5,4.14,0.76,accepted,5.4,0.27,426,614,10,1,0,map_accept,0.99,5.2,41.8,7,2,14.0
393,1790599411.0493035,0.1708,-0.1266,84.2,-25.38,7.7,4.39,0.73,accepted,20.5,0.70,485,598,9,1,0,map_accept,0.98,20.6,1.4,6,3,14.0
394,1790599411.1299293,0.1696,-0.2018,103.3,-38.34,13.0,4.05,0.72,accepted,15.3,-0.97,477,593,9,1,0,map_accept,0.98,17.3,26.7,6,2,14.0
395,1790599411.2064211,0.1684,-0.2624,17.1,-5.82,15.1,4.13,0.71,accepted,6.0,0.24,413,596,9,1,0,map_accept,0.98,11.1,48.4,6,2,14.0
396,1790599411.2901616,0.1670,-0.2785,9.0,-3.80,11.3,3.59,0.70,accepted,-10.9,-1.55,415,582,9,1,0,map_accept,0.97,-4.1,-8.4,6,2,14.0
397,1790599411.364219,0.1626,-0.3045,34.4,-9.94,14.3,3.52,0.66,accepted,8.4,-0.21,386,585,8,1,0,map_accept,0.96,14.5,44.2,5,1,14.0
398,1790599411.4657862,0.1600,-0.3187,-30.8,8.90,14.4,2.86,0.64,accepted,0.5,-1.89,396,587,8,1,0,map_accept,0.95,7.1,32.6,5,1,14.0
399,1790599411.538705,0.1619,-0.3038,35.8,-14.88,10.8,2.07,0.65,accepted,-10.4,-2.24,411,596,9,1,0,map_accept,0.95,-2.9,57.7,6,2,14.0
400,1790599411.618512,0.1629,-0.2919,79.5,-32.73,11.0,1.44,0.66,accepted,0.7,-1.80,411,608,9,1,0,map_accept,0.96,8.1,71.7,6,1,14.0
401,1790599411.691993,0.1632,-0.2588,21.7,-11.39,7.1,0.79,0.67,accepted,-11.3,-1.87,421,596,9,1,0,map_accept,0.96,-2.1,-7.7,6,2,14.0
402,1790599411.7710106,0.1598,-0.1964,138.9,-22.59,0.4,0.07,0.63,accepted,-19.1,-2.06,306,606,8,1,0,map_accept,0.95,-8.6,64.0,5,0,14.0
403,1790599411.842525,0.1647,-0.1503,17.8,-16.13,0.1,-0.56,0.68,accepted,-0.9,-1.79,373,605,10,1,0,map_accept,0.97,10.6,24.7,7,2,14.0
404,1790599411.9419637,0.1639,-0.0977,-36.8,13.08,-3.8,-1.22,0.67,accepted,-11.1,-1.88,391,617,9,1,0,map_accept,0.97,2.5,73.4,6,1,14.0
405,1790599412.012684,0.1638,-0.0253,-38.5,14.17,-9.5,-1.98,0.67,accepted,-16.2,-2.18,394,631,9,1,0,map_accept,0.97,-2.2,78.4,6,1,14.0
406,1790599412.082324,0.1577,0.0555,92.3,-7.98,-18.1,-1.57,0.62,accepted,-24.8,1.19,315,627,7,1,0,map_accept,0.95,-11.9,23.6,4,0,14.0
407,1790599412.1622088,0.1564,0.1561,20.6,-4.38,-26.3,-2.40,0.60,accepted,-23.4,-2.39,395,629,8,1,0,map_accept,0.95,-13.6,41.8,5,1,14.0
408,1790599412.2345366,0.1576,0.2394,18.2,-2.84,-30.7,-3.06,0.61,accepted,-12.4,-1.87,355,636,9,1,0,map_accept,0.95,-7.3,54.1,6,1,14.0
409,1790599412.3442032,0.1600,0.3282,21.1,-0.48,-33.2,-3.11,0.64,accepted,-7.3,-0.16,358,649,9,1,0,map_accept,0.96,-5.6,75.6,6,1,14.0
410,1790599412.416253,0.1553,0.3809,87.8,-2.98,-33.5,-1.63,0.59,accepted,-0.8,4.24,335,668,7,1,0,map_accept,0.94,-4.0,102.3,5,0,14.0
411,1790599412.4887502,0.1591,0.4226,-4.1,2.64,-37.6,-2.12,0.63,accepted,-11.7,-1.42,341,689,9,1,0,map_accept,0.95,-23.5,137.3,6,1,14.0
412,1790599412.5683463,0.1447,0.4187,9.5,8.75,-29.2,-1.33,0.50,pending,104.6,9.92,303,675,6,1,0,map_accept,0.94,87.0,-189.4,5,2,14.0
413,1790599412.6423147,0.1496,0.3526,-37.5,21.21,-17.4,-1.34,0.54,accepted,33.7,-0.02,384,655,8,1,0,map_accept,0.94,0.0,76.3,5,1,14.0
414,1790599412.7199879,0.1523,0.2932,-5.6,1.35,-14.0,-1.63,0.57,accepted,9.7,-0.83,362,637,8,1,0,map_accept,0.93,-8.4,50.9,5,0,14.0
415,1790599412.791609,0.1539,0.2379,-51.2,25.62,-10.9,-1.68,0.58,accepted,9.0,-0.15,372,621,8,1,0,map_accept,0.93,0.6,36.1,5,0,14.0
416,1790599412.881056,0.1545,0.2525,5.6,3.91,-19.8,-2.01,0.59,accepted,-25.6,-0.94,342,613,8,1,0,map_accept,0.93,-27.4,47.4,5,0,14.0
417,1790599412.9523177,0.1547,0.3043,-7.3,13.22,-27.6,-2.10,0.59,accepted,-22.2,-0.25,342,612,8,1,0,map_accept,0.92,-23.6,49.2,5,0,14.0
418,1790599413.0297725,0.1542,0.3607,-0.4,11.08,-31.6,-2.30,0.58,accepted,-11.4,-0.59,347,616,8,1,0,map_accept,0.92,-14.4,55.2,5,0,14.0
419,1790599413.0977495,0.1535,0.3861,33.8,-13.21,-30.2,-1.50,0.58,accepted,4.1,2.28,357,631,8,1,0,map_accept,0.92,0.7,87.5,5,0,14.0
420,1790599413.1751497,0.1520,0.4260,7.2,9.85,-35.0,-1.61,0.56,accepted,-13.8,-0.29,335,664,7,1,0,map_accept,0.91,-18.7,155.6,5,0,14.0
421,1790599413.2491708,0.1508,0.4519,16.8,6.68,-52.3,-2.72,0.55,accepted,-49.5,-3.17,345,664,7,1,0,map_accept,0.90,-59.3,64.0,5,0,14.0
422,1790599413.3456318,0.1501,0.4687,113.9,-31.44,-55.5,-2.21,0.55,accepted,-9.2,1.43,349,696,7,1,0,map_accept,0.89,-28.9,192.0,5,0,14.0
423,1790599413.4161613,0.1472,0.4797,45.3,-0.50,-36.2,-0.29,0.52,accepted,55.3,5.49,353,662,7,1,0,map_accept,0.89,28.3,-3.2,5,1,14.0
424,1790599413.4863994,0.1478,0.3898,101.2,-15.21,-18.4,1.20,0.53,accepted,50.9,4.28,363,626,7,1,0,map_accept,0.88,26.9,-4.2,6,3,14.0
425,1790599413.5535314,0.1480,0.3131,105.0,-15.70,-2.6,2.67,0.53,accepted,45.1,4.19,371,582,7,1,0,map_accept,0.88,27.7,-26.1,6,3,14.0
426,1790599413.6260202,0.1463,0.2209,83.8,-11.33,16.8,4.64,0.51,accepted,55.3,5.63,313,533,7,1,0,map_accept,0.87,45.6,-53.7,6,4,14.0
427,1790599413.6920443,0.1453,0.1441,77.0,-9.89,16.8,4.12,0.50,accepted,-0.1,-1.50,312,503,6,1,0,occlusion_hold,0.86,0.0,0.0,6,0,14.0
428,1790599413.8110855,0.1447,0.0000,29.9,-0.54,15.6,3.68,0.50,accepted,-3.4,-1.24,313,477,6,1,0,occlusion_hold,0.85,0.0,0.0,6,0,14.0
429,1790599413.878203,0.1473,-0.0822,37.8,-2.81,13.8,3.33,0.52,accepted,-5.0,-1.01,337,455,7,1,0,occlusion_hold,0.85,0.0,0.0,7,0,14.0
430,1790599413.951814,0.1487,-0.1556,49.6,-4.69,11.9,3.05,0.53,accepted,-5.5,-0.80,351,436,7,1,0,occlusion_hold,0.85,0.0,0.0,7,0,14.0
431,1790599414.0231955,0.1496,-0.1922,46.1,-3.90,10.0,2.84,0.54,accepted,-5.3,-0.60,326,420,7,1,0,occlusion_hold,0.85,0.0,0.0,7,0,14.0
432,1790599414.095429,0.1536,-0.2059,59.0,-7.59,8.3,2.66,0.58,accepted,-4.8,-0.51,334,408,8,1,0,map_hold,0.87,22.0,119.1,7,0,14.0
433,1790599414.1717045,0.1560,-0.2069,39.6,-1.03,6.9,2.60,0.60,accepted,-4.0,-0.18,340,398,8,1,0,map_hold,0.88,20.4,133.5,7,0,14.0
434,1790599414.2642713,0.1572,-0.2028,30.7,1.81,6.0,2.61,0.61,accepted,-2.6,0.04,350,392,8,1,0,map_hold,0.89,25.7,161.2,7,0,14.0
435,1790599414.3337982,0.1575,-0.1987,26.4,4.74,5.6,2.72,0.61,accepted,-1.1,0.29,356,390,8,1,0,map_hold,0.90,8.8,99.8,7,0,14.0
436,1790599414.4088101,0.1582,-0.1974,48.5,-4.52,5.8,2.80,0.62,accepted,0.5,0.23,358,391,8,1,0,map_hold,0.91,5.7,103.9,7,0,14.0
437,1790599414.4769754,0.1614,-0.1994,-4.1,16.55,6.3,2.80,0.65,accepted,1.4,0.00,355,395,9,1,0,map_hold,0.91,30.3,163.9,7,0,14.0
438,1790599414.5490258,0.1634,-0.2038,-1.1,16.84,6.9,2.72,0.67,accepted,1.8,-0.22,361,401,9,1,0,map_hold,0.92,31.9,170.9,7,0,14.0
439,1790599414.6218336,0.1646,-0.2095,-1.2,17.01,7.6,2.59,0.68,accepted,1.9,-0.36,369,409,9,1,0,map_hold,0.92,33.5,183.0,7,0,14.0
440,1790599414.6960359,0.1663,-0.2156,42.5,2.71,8.2,2.44,0.69,accepted,1.7,-0.45,379,418,9,1,0,map_hold,0.93,13.0,103.4,7,0,14.0
441,1790599414.765498,0.1670,-0.2212,-16.8,28.81,8.6,2.29,0.70,accepted,1.3,-0.43,388,427,9,1,0,map_hold,0.93,2.2,113.2,7,0,14.0
442,1790599414.8660462,0.1676,-0.2261,64.2,-13.47,9.0,2.15,0.71,accepted,1.0,-0.40,401,436,9,1,0,map_hold,0.93,6.3,129.4,7,0,14.0
443,1790599414.9382014,0.1676,-0.2299,22.1,0.26,9.3,1.98,0.71,accepted,0.8,-0.48,397,445,9,1,0,map_hold,0.94,11.2,142.1,7,0,14.0
444,1790599415.016225,0.1552,-0.2367,42.5,-7.70,10.0,2.03,0.59,pending,9.2,0.68,398,453,10,1,0,map_accept,0.96,9.0,125.4,7,3,14.0
445,1790599415.0883632,0.1462,-0.2463,6.6,1.25,10.8,2.11,0.51,pending,10.5,0.99,410,462,10,1,0,map_accept,0.97,8.4,117.7,7,1,14.0
446,1790599415.1614518,0.1567,-0.3351,22.5,1.45,28.6,3.02,0.61,accepted,50.7,2.59,420,496,10,1,0,map_accept,0.98,47.7,17.2,7,3,14.0
447,1790599415.241508,0.1474,-0.3928,40.2,-7.67,28.4,2.89,0.52,pending,-2.1,-1.63,430,506,10,1,0,map_accept,0.98,4.7,130.9,7,1,14.0
448,1790599415.425117,0.1411,-0.4303,14.5,-0.67,28.1,2.90,0.46,pending,-3.4,0.08,426,517,10,1,0,map_accept,0.99,10.3,136.4,7,0,14.0
449,1790599415.4971383,0.1365,-0.4519,-17.7,10.81,24.7,2.75,0.42,pending,-42.9,-1.88,426,525,10,1,0,map_accept,0.99,-23.7,80.7,7,2,14.0
450,1790599415.57358,0.1504,-0.3745,21.6,-4.40,8.0,2.40,0.55,accepted,-47.7,-1.00,424,553,10,1,0,map_accept,0.99,-19.6,7.9,7,2,14.0
451,1790599415.6520824,0.1543,-0.2850,59.0,-15.73,-1.4,0.67,0.58,accepted,-27.0,-4.93,397,594,9,1,0,map_accept,0.98,-8.0,106.2,7,2,14.0
452,1790599415.7261631,0.1577,-0.1958,29.7,-1.54,-3.7,1.30,0.62,accepted,-6.3,1.81,401,570,9,1,0,map_accept,0.98,6.1,-69.9,7,3,14.0
453,1790599415.802969,0.1638,-0.1057,15.9,3.56,-35.2,-0.13,0.67,accepted,-90.1,-4.09,428,615,10,1,0,map_accept,0.98,-81.3,176.0,7,1,14.0
454,1790599415.8743355,0.1739,0.0000,45.2,-9.95,-61.4,-1.41,0.76,accepted,-74.8,-3.67,424,651,10,1,0,map_accept,0.99,-80.3,163.8,7,1,14.0
455,1790599415.9656258,0.1739,0.1127,46.3,-8.22,-43.2,-0.00,0.76,accepted,51.9,4.02,420,609,10,1,0,map_accept,0.99,31.6,-75.2,7,3,14.0
456,1790599416.0405817,0.1739,0.1951,39.8,-3.35,-27.2,1.27,0.76,accepted,45.7,3.65,422,590,10,1,0,map_accept,0.99,26.1,-5.6,7,3,14.0
457,1790599416.1176684,0.1738,0.1823,50.9,-8.97,-15.9,2.00,0.76,accepted,32.2,2.07,398,587,10,1,0,map_accept,0.99,16.3,36.0,7,2,14.0
458,1790599416.2496943,0.1731,0.1238,37.2,-6.59,-7.3,2.41,0.76,accepted,24.7,1.16,392,590,10,1,0,map_accept,0.99,12.6,48.7,7,2,14.0
459,1790599416.3418627,0.1729,0.0439,46.3,-10.75,-0.0,2.72,0.75,accepted,20.8,0.91,398,600,10,1,0,map_accept,0.99,13.2,66.3,7,2,14.0
460,1790599416.4417388,0.1730,-0.0494,24.0,10.56,7.0,3.23,0.75,accepted,20.0,1.44,409,609,10,1,0,map_accept,0.99,16.5,64.3,7,2,14.0
461,1790599416.5158908,0.1726,-0.1269,67.7,-13.07,9.7,3.59,0.75,accepted,7.8,1.04,398,604,10,1,0,map_accept,0.99,7.2,17.1,7,2,14.0
462,1790599416.5962143,0.1720,-0.2002,12.9,8.93,14.0,3.53,0.75,accepted,12.3,-0.16,406,608,10,1,0,map_accept,0.99,12.8,40.4,7,2,14.0
463,1790599416.666347,0.1714,-0.2792,47.2,-4.20,22.4,3.98,0.74,accepted,24.0,1.28,416,624,10,1,0,map_accept,0.99,27.0,80.5,7,2,14.0
464,1790599416.7405515,0.1708,-0.3565,68.5,-9.69,25.0,4.18,0.73,accepted,7.3,0.57,385,656,10,1,0,map_accept,0.99,13.4,133.7,7,1,14.0
465,1790599416.814235,0.1702,-0.3908,59.9,-4.98,21.1,4.03,0.73,accepted,-11.0,-0.43,373,659,10,1,0,map_accept,0.99,-4.9,49.7,7,1,14.0
466,1790599416.8881729,0.1700,-0.4290,82.0,-13.19,27.6,4.33,0.73,accepted,18.4,0.85,365,649,10,1,0,map_accept,0.99,20.0,19.0,7,1,14.0
467,1790599416.9593856,0.1702,-0.4539,108.7,-19.36,39.4,4.86,0.73,accepted,33.9,1.52,369,627,10,1,0,map_accept,0.99,34.1,-20.1,7,2,14.0
468,1790599417.0517676,0.1705,-0.4700,67.5,-3.53,48.5,5.16,0.73,accepted,25.8,0.85,358,612,10,1,0,map_accept,0.99,28.4,2.3,7,2,14.0
469,1790599417.1274343,0.1687,-0.4805,140.0,-25.49,53.4,5.25,0.72,accepted,14.0,0.26,360,614,10,1,0,map_accept,0.98,21.2,47.9,7,1,14.0
470,1790599417.2258306,0.1678,-0.4873,144.0,-25.83,55.2,5.27,0.71,accepted,5.1,0.06,362,618,10,1,0,map_accept,0.98,16.0,54.1,7,1,14.0
471,1790599417.3298123,0.1671,-0.4918,138.5,-25.29,51.9,4.93,0.70,accepted,-9.4,-0.96,368,618,10,1,0,map_accept,0.98,2.9,34.9,7,2,14.0
472,1790599417.4062057,0.1667,-0.4946,114.0,-16.26,44.4,4.38,0.70,accepted,-21.4,-1.58,368,620,10,1,0,map_accept,0.98,-10.5,45.2,7,1,14.0
473,1790599417.4762251,0.1676,-0.4965,89.9,-8.05,41.3,4.30,0.71,accepted,-8.9,-0.23,342,628,10,1,0,map_accept,0.98,-1.7,58.9,7,0,14.0
474,1790599417.550153,0.1686,-0.4977,95.8,-9.64,41.3,4.39,0.71,accepted,-0.0,0.28,344,640,10,1,0,map_accept,0.99,3.8,86.2,7,0,14.0
475,1790599417.6233141,0.1691,-0.4985,100.7,-11.16,43.0,4.50,0.72,accepted,5.0,0.29,348,654,10,1,0,map_accept,0.99,6.4,105.3,7,0,14.0
476,1790599417.719536,0.1693,-0.4990,71.1,-4.58,46.2,4.55,0.72,accepted,9.0,0.14,347,671,10,1,0,map_accept,0.99,9.2,125.2,7,0,14.0
477,1790599417.7907345,0.1699,-0.4994,60.5,12.25,51.0,4.68,0.73,accepted,13.8,0.38,350,637,10,1,0,map_accept,0.99,13.7,-31.9,7,2,14.0
478,1790599417.8634076,0.1706,-0.4996,59.7,-0.57,55.6,4.39,0.73,accepted,13.2,-0.82,377,614,10,1,0,map_accept,0.99,14.3,-3.8,7,2,14.0
479,1790599417.9306693,0.1709,-0.4997,59.3,0.32,60.0,4.35,0.74,accepted,12.4,-0.13,383,602,10,1,0,map_accept,0.99,17.1,30.3,7,2,14.0
480,1790599418.0030313,0.1702,-0.4998,57.2,2.10,62.5,4.36,0.73,accepted,7.3,0.02,382,601,10,1,0,map_accept,0.99,15.8,62.4,7,2,14.0
481,1790599418.0875492,0.1687,-0.4999,53.4,5.63,54.3,4.24,0.72,accepted,-23.5,-0.32,386,579,10,1,0,map_accept,0.99,-12.2,-13.4,7,3,14.0
482,1790599418.1593888,0.1679,-0.4999,89.7,-8.68,48.1,4.33,0.71,accepted,-17.8,0.25,382,567,10,1,0,map_accept,0.99,-8.2,12.9,7,2,14.0
483,1790599418.245322,0.1673,-0.5000,82.5,-14.59,45.6,4.56,0.70,accepted,-7.1,0.64,376,565,10,1,0,map_accept,0.99,0.1,36.7,7,2,14.0
484,1790599418.3219972,0.1639,-0.5000,75.7,-5.66,45.2,4.86,0.67,accepted,-1.1,0.86,421,566,9,1,0,map_accept,0.98,4.8,44.6,6,2,14.0
485,1790599418.3946288,0.1618,-0.5000,85.8,-10.01,43.8,5.35,0.65,accepted,-4.0,1.42,395,571,9,1,0,map_accept,0.97,0.7,58.3,6,2,14.0
486,1790599418.4650357,0.1615,-0.5000,98.3,-7.69,44.6,5.87,0.65,accepted,2.2,1.47,369,576,9,1,0,map_accept,0.97,5.1,57.8,6,1,14.0
487,1790599418.5389376,0.1611,-0.5000,98.7,-7.40,47.4,6.48,0.65,accepted,8.2,1.75,373,562,9,1,0,map_accept,0.97,10.1,-8.1,6,2,14.0
488,1790599418.6229074,0.1627,-0.5000,86.2,-3.78,49.4,7.02,0.66,accepted,5.6,1.54,353,555,10,1,0,map_accept,0.97,7.2,10.5,7,2,14.0
489,1790599418.6951385,0.1656,-0.5000,121.4,-7.65,46.5,7.60,0.69,accepted,-8.4,1.65,362,573,10,1,0,map_accept,0.98,-7.2,82.2,7,1,14.0
490,1790599418.7699897,0.1670,-0.5000,140.8,-18.60,46.5,7.97,0.70,accepted,0.0,1.05,361,592,10,1,0,map_accept,0.98,-3.6,92.8,7,1,14.0
491,1790599418.8540156,0.1675,-0.5000,164.3,-25.89,54.7,8.81,0.70,accepted,23.5,2.43,369,636,10,1,0,map_accept,0.99,15.9,186.4,7,0,14.0
492,1790599418.937599,0.1654,-0.5000,164.4,-28.25,73.4,10.21,0.69,accepted,53.5,3.99,371,634,9,1,0,map_accept,0.98,45.4,57.1,6,0,14.0
493,1790599419.0036635,0.1640,-0.5000,115.0,-13.30,85.5,10.95,0.67,accepted,34.6,2.11,380,607,9,1,0,map_accept,0.97,31.0,-16.9,6,3,14.0
494,1790599419.0796237,0.1630,-0.5000,185.4,-37.98,100.0,11.65,0.66,accepted,41.2,1.98,373,580,9,1,0,map_accept,0.97,43.0,-23.6,6,3,14.0
495,1790599419.1547458,0.1627,-0.5000,160.2,-33.23,108.2,11.93,0.66,accepted,23.5,0.81,379,579,9,1,0,map_accept,0.97,32.6,54.8,6,2,14.0
496,1790599419.2661595,0.1626,-0.5000,172.0,-36.92,102.3,11.39,0.66,accepted,-17.0,-1.53,376,594,9,1,0,map_accept,0.97,-1.0,98.2,6,0,14.0
497,1790599419.343348,0.1622,-0.5000,131.0,-29.10,94.9,10.52,0.66,accepted,-21.0,-2.49,387,598,9,1,0,map_accept,0.96,-3.9,58.2,6,1,14.0
498,1790599419.4237971,0.1618,-0.5000,158.5,-18.86,88.5,10.94,0.65,accepted,-18.4,1.20,365,601,9,1,0,map_accept,0.97,-0.8,58.5,6,0,14.0
499,1790599419.492373,0.1608,-0.5000,121.5,-12.13,83.8,10.32,0.64,accepted,-13.5,-1.76,348,581,8,1,0,map_hold,0.96,-14.5,-52.1,6,0,14.0
500,1790599419.562976,0.1614,-0.5000,130.3,-20.98,75.0,9.22,0.65,accepted,-25.0,-3.15,397,570,9,1,0,map_accept,0.96,-13.9,35.8,7,3,14.0
501,1790599419.63355,0.1617,-0.5000,61.6,19.68,68.4,8.49,0.65,accepted,-18.8,-2.07,349,550,9,1,0,map_accept,0.96,-11.2,-0.6,7,3,14.0
502,1790599419.7066414,0.1621,-0.5000,136.5,-17.00,67.3,8.35,0.66,accepted,-3.2,-0.40,373,539,9,1,0,map_accept,0.97,1.2,24.0,7,3,14.0
503,1790599419.7980437,0.1626,-0.5000,119.0,-10.55,69.2,8.40,0.66,accepted,5.4,0.13,361,535,9,1,0,map_accept,0.96,8.0,36.9,7,3,14.0
504,1790599419.8672423,0.1594,-0.5000,51.5,7.01,73.9,8.49,0.63,accepted,13.3,0.27,338,539,8,1,0,map_accept,0.95,16.0,60.6,7,3,14.0
505,1790599419.9387002,0.1610,-0.5000,28.5,16.87,81.5,8.62,0.65,accepted,21.9,0.37,373,544,9,1,0,map_accept,0.96,27.9,65.7,7,3,14.0
506,1790599420.0065825,0.1615,-0.5000,51.2,3.67,85.6,8.59,0.65,accepted,11.7,-0.09,377,551,9,1,0,map_accept,0.96,22.9,76.7,7,3,14.0
507,1790599420.0792193,0.1615,-0.5000,62.3,0.67,84.9,8.36,0.65,accepted,-2.1,-0.65,382,546,9,1,0,map_accept,0.96,13.1,41.8,7,3,14.0
508,1790599420.1520236,0.1595,-0.5000,82.7,0.15,78.8,7.69,0.63,accepted,-17.3,-1.93,328,527,8,1,0,map_hold,0.95,-28.9,34.5,7,0,14.0
509,1790599420.2211728,0.1589,-0.5000,46.9,12.00,73.0,7.11,0.63,accepted,-16.6,-1.66,318,511,8,1,0,map_hold,0.95,-9.0,-10.5,7,0,14.0
510,1790599420.307888,0.1614,-0.5000,134.1,-18.93,67.7,6.63,0.65,accepted,-15.1,-1.36,374,497,9,1,0,map_hold,0.95,-20.4,56.9,7,0,14.0
511,1790599420.3853664,0.1628,-0.5000,54.9,13.23,63.2,6.27,0.66,accepted,-12.9,-1.02,376,486,9,1,0,map_hold,0.95,-13.3,83.2,7,0,14.0
512,1790599420.458208,0.1640,-0.5000,77.0,5.84,59.6,6.03,0.67,accepted,-10.3,-0.69,381,477,9,1,0,map_hold,0.95,-9.9,101.6,7,0,14.0
513,1790599420.5280685,0.1651,-0.5000,82.8,3.92,57.0,5.89,0.68,accepted,-7.6,-0.40,361,471,9,1,0,map_hold,0.94,-6.0,110.4,7,0,14.0
514,1790599420.6032438,0.1664,-0.5000,103.0,-11.09,55.2,5.86,0.69,accepted,-4.9,-0.11,369,467,9,1,0,map_hold,0.94,6.7,57.7,7,0,14.0
515,1790599420.6736581,0.1666,-0.5000,106.1,-11.86,54.3,5.95,0.70,accepted,-2.6,0.27,379,465,9,1,0,map_hold,0.94,7.9,61.7,7,0,14.0
516,1790599420.7593195,0.1543,-0.5000,128.9,-24.14,52.6,6.02,0.58,pending,-21.8,0.84,411,472,10,1,0,map_accept,0.96,-21.1,146.3,7,2,14.0
517,1790599420.8327978,0.1590,-0.5000,108.5,-12.67,51.9,6.68,0.63,accepted,-1.8,1.88,356,488,10,1,0,map_accept,0.97,0.5,21.8,7,2,14.0
518,1790599420.9061644,0.1631,-0.5000,54.3,19.46,52.3,7.04,0.66,accepted,1.1,1.05,362,505,10,1,0,map_accept,0.98,0.1,32.7,7,2,14.0
519,1790599420.9726727,0.1638,-0.5000,102.0,-14.24,49.4,7.20,0.67,accepted,-8.3,0.45,363,538,10,1,0,map_accept,0.98,-11.1,89.3,7,2,14.0
520,1790599421.044876,0.1648,-0.5000,12.7,10.56,52.4,7.54,0.68,accepted,8.6,0.96,369,550,10,1,0,map_accept,0.98,3.5,25.6,7,2,14.0
521,1790599421.113873,0.1667,-0.5000,83.1,-8.25,55.4,7.64,0.70,accepted,8.6,0.30,376,564,10,1,0,map_accept,0.98,3.9,32.6,7,2,14.0
522,1790599421.189027,0.1672,-0.5000,120.8,-17.80,62.2,8.18,0.70,accepted,19.3,1.52,371,582,10,1,0,map_accept,0.98,15.9,44.8,7,2,14.0
523,1790599421.2580328,0.1671,-0.5000,80.6,-3.69,68.0,8.95,0.70,accepted,16.6,2.20,378,604,10,1,0,map_accept,0.98,16.6,62.8,7,1,14.0
524,1790599421.3444903,0.1673,-0.5000,94.2,-10.71,68.9,9.06,0.70,accepted,2.5,0.33,384,629,10,1,0,map_accept,0.98,6.1,71.8,7,0,14.0
525,1790599421.4262846,0.1671,-0.5000,54.3,1.25,68.2,9.26,0.70,accepted,-1.9,0.56,390,655,10,1,0,map_accept,0.98,4.2,84.8,7,0,14.0
526,1790599421.5332608,0.1680,-0.5000,89.8,-7.80,66.6,9.14,0.71,accepted,-4.7,-0.33,398,682,10,1,0,map_accept,0.98,1.3,103.3,7,0,14.0
527,1790599421.6051369,0.1696,-0.5000,97.0,-10.40,71.5,9.48,0.72,accepted,14.2,0.95,401,672,10,1,0,map_accept,0.98,21.0,2.3,7,2,14.0
528,1790599421.680772,0.1684,-0.5000,152.8,-28.71,75.7,9.71,0.71,accepted,12.0,0.67,396,678,10,1,0,map_accept,0.98,21.5,66.6,7,2,14.0
529,1790599421.7563055,0.1685,-0.5000,25.2,12.03,69.3,9.06,0.71,accepted,-18.2,-1.86,356,656,10,1,0,map_accept,0.98,-5.5,-23.3,7,1,14.0
530,1790599421.8322096,0.1690,-0.5000,28.4,10.95,62.6,8.92,0.72,accepted,-19.3,-0.40,366,652,10,1,0,map_accept,0.98,-6.9,32.1,7,1,14.0
531,1790599421.9033573,0.1691,-0.5000,115.4,-32.40,53.6,8.35,0.72,accepted,-25.6,-1.62,376,677,10,1,0,map_accept,0.99,-15.9,134.4,7,1,14.0
532,1790599421.9923327,0.1699,-0.5000,103.8,-29.44,57.3,8.62,0.73,accepted,10.6,0.76,386,671,10,1,0,map_accept,0.98,18.3,43.4,7,1,14.0
533,1790599422.0667737,0.1700,-0.5000,7.3,26.09,53.7,8.65,0.73,accepted,-10.3,0.10,394,651,10,1,0,map_accept,0.99,-0.2,1.7,7,2,14.0
534,1790599422.1427448,0.1694,-0.5000,8.2,25.79,48.0,8.60,0.72,accepted,-16.5,-0.15,392,644,10,1,0,map_accept,0.98,-6.6,46.2,7,1,14.0
535,1790599422.2182472,0.1683,-0.5000,92.2,-16.46,40.5,8.13,0.71,accepted,-21.2,-1.33,386,629,10,1,0,map_accept,0.99,-13.2,20.3,7,2,14.0
536,1790599422.2937243,0.1689,-0.5000,0.3,7.33,41.0,8.21,0.72,accepted,1.5,0.22,394,603,10,1,0,map_accept,0.98,5.7,-24.1,7,3,14.0
537,1790599422.3679886,0.1688,-0.5000,1.7,7.15,41.4,8.24,0.72,accepted,1.0,0.09,384,593,10,1,0,map_accept,0.99,3.3,20.1,7,3,14.0
538,1790599422.4437633,0.1693,-0.5000,72.6,6.65,42.7,8.42,0.72,accepted,3.9,0.50,374,592,10,1,0,map_accept,0.99,4.7,43.8,7,2,14.0
539,1790599422.5163922,0.1697,-0.5000,81.7,3.94,42.8,8.50,0.72,accepted,0.3,0.26,402,599,10,1,0,map_accept,0.99,-0.4,58.1,7,2,14.0
540,1790599422.6122284,0.1702,-0.5000,89.6,2.89,46.8,8.75,0.73,accepted,11.4,0.71,393,599,10,1,0,map_accept,0.99,9.0,33.6,7,2,14.0
541,1790599422.6849139,0.1685,-0.5000,24.2,5.36,55.3,8.48,0.71,accepted,24.2,-0.79,384,607,10,1,0,map_accept,0.98,21.3,56.8,7,2,14.0
542,1790599422.7573004,0.1672,-0.5000,74.1,-4.68,61.9,8.63,0.70,accepted,19.0,0.44,408,615,10,1,0,map_accept,0.98,17.9,49.8,7,2,14.0
543,1790599422.829408,0.1672,-0.5000,-16.5,21.00,70.9,8.69,0.70,accepted,25.6,0.18,409,628,10,1,0,map_accept,0.99,26.2,62.0,7,2,14.0
544,1790599422.9052176,0.1681,-0.5000,-8.7,19.48,76.5,8.78,0.71,accepted,16.1,0.24,415,639,10,1,0,map_accept,0.99,20.8,59.2,7,2,14.0
545,1790599422.9779494,0.1676,-0.5000,-27.9,31.60,77.6,7.68,0.71,accepted,3.0,-3.14,394,654,10,1,0,map_accept,0.99,11.1,74.7,7,1,14.0
546,1790599423.0683856,0.1671,-0.5000,-26.2,29.77,78.2,6.94,0.70,accepted,1.7,-2.11,379,669,10,1,0,map_accept,0.98,17.0,89.9,7,1,14.0
547,1790599423.1427274,0.1677,-0.5000,50.8,-0.62,83.1,7.13,0.71,accepted,14.1,0.53,387,696,10,1,0,map_accept,0.99,36.3,145.0,7,1,14.0
548,1790599423.2164624,0.1678,-0.5000,36.1,3.99,91.7,7.69,0.71,accepted,24.7,1.62,390,721,10,1,0,map_accept,0.99,53.3,156.3,7,1,14.0
549,1790599423.2898145,0.1679,-0.5000,52.0,-2.58,60.3,6.17,0.71,accepted,-89.7,-4.35,395,686,10,1,0,map_accept,0.99,-55.1,-26.7,7,2,14.0
550,1790599423.3647432,0.1691,-0.5000,56.9,-7.02,43.2,5.42,0.72,accepted,-48.8,-2.13,400,646,10,1,0,map_accept,0.99,-23.9,-41.8,7,3,14.0
551,1790599423.4378126,0.1696,-0.5000,49.8,-3.85,32.5,5.20,0.72,accepted,-30.7,-0.63,381,609,10,1,0,map_accept,0.99,-13.6,-47.0,7,3,14.0
552,1790599423.5176048,0.1702,-0.5000,99.8,-16.06,23.3,5.34,0.73,accepted,-26.2,0.38,376,589,10,1,0,map_accept,0.99,-15.0,-13.6,7,2,14.0
553,1790599423.5956044,0.1709,-0.5000,94.3,-18.26,14.7,4.96,0.74,accepted,-24.5,-1.09,382,581,10,1,0,map_accept,0.99,-20.9,18.9,7,2,14.0
554,1790599423.6835315,0.1714,-0.5000,73.0,-10.44,13.9,4.72,0.74,accepted,-2.2,-0.69,387,581,10,1,0,map_accept,0.99,-5.5,37.3,7,2,14.0
555,1790599423.7574766,0.1718,-0.5000,63.6,-13.10,27.6,5.34,0.74,accepted,39.1,1.78,393,573,10,1,0,map_accept,0.99,33.4,16.0,7,2,14.0
556,1790599423.830234,0.1722,-0.5000,43.6,-5.58,31.9,5.44,0.75,accepted,12.1,0.28,376,569,10,1,0,map_accept,0.99,10.2,25.4,7,2,14.0
557,1790599423.904789,0.1726,-0.5000,4.8,11.04,34.4,4.94,0.75,accepted,7.1,-1.43,379,569,10,1,0,map_accept,0.99,7.4,38.3,7,2,14.0
558,1790599423.9791396,0.1719,-0.5000,7.5,8.73,29.9,4.24,0.74,accepted,-12.6,-2.00,382,589,10,1,0,map_accept,0.99,-7.3,109.9,7,1,14.0
559,1790599424.0523176,0.1716,-0.5000,44.1,-9.00,23.7,3.45,0.74,accepted,-17.9,-2.24,390,596,10,1,0,map_accept,0.99,-10.0,71.3,7,1,14.0
560,1790599424.1409557,0.1715,-0.5000,15.2,-0.76,27.8,3.50,0.74,accepted,11.8,0.14,388,593,10,1,0,map_accept,0.99,20.0,44.8,7,3,14.0
561,1790599424.2178972,0.1710,-0.5000,58.0,-13.05,33.5,3.69,0.74,accepted,16.2,0.54,396,599,10,1,0,map_accept,0.99,26.7,72.9,7,2,14.0
562,1790599424.2903337,0.1690,-0.5000,78.1,-10.35,23.0,2.74,0.72,accepted,-30.0,-2.72,348,586,10,1,0,map_accept,0.99,-16.5,3.1,7,1,14.0
563,1790599424.3626742,0.1685,-0.5000,25.7,-0.07,20.8,2.31,0.71,accepted,-6.2,-1.21,378,580,10,1,0,map_accept,0.98,5.6,21.4,7,2,14.0
564,1790599424.4413133,0.1684,-0.5000,29.7,10.28,30.1,3.29,0.71,accepted,26.4,2.80,358,549,10,1,0,map_accept,0.99,38.5,-75.1,7,3,14.0
565,1790599424.5120504,0.1692,-0.5000,47.1,-8.05,22.2,2.04,0.72,accepted,-22.6,-3.58,403,579,10,1,0,map_accept,0.99,-8.2,120.2,7,2,14.0
566,1790599424.6015391,0.1688,-0.5000,26.3,2.85,15.6,1.63,0.72,accepted,-18.7,-1.16,379,607,10,1,0,map_accept,0.99,-4.5,116.6,7,0,14.0
567,1790599424.6757758,0.1682,-0.4375,3.0,12.19,2.6,0.97,0.71,accepted,-37.1,-1.88,367,607,10,1,0,map_accept,0.99,-24.9,39.9,7,0,14.0
568,1790599424.7483907,0.1676,-0.3545,25.4,4.26,-4.8,0.72,0.71,accepted,-21.4,-0.73,374,606,10,1,0,map_accept,0.99,-14.7,44.2,7,0,14.0
569,1790599424.831991,0.1680,-0.3162,61.0,-9.82,-2.4,1.09,0.71,accepted,7.1,1.05,382,587,10,1,0,map_accept,0.99,8.3,-13.8,7,3,14.0
570,1790599424.9051058,0.1678,-0.3064,56.5,-7.01,0.2,1.25,0.71,accepted,7.4,0.46,362,581,10,1,0,map_accept,0.99,5.7,31.3,7,2,14.0
571,1790599424.9813607,0.1674,-0.3047,43.5,2.70,1.2,1.14,0.70,accepted,2.8,-0.30,368,587,10,1,0,map_accept,0.99,-0.6,72.2,7,2,14.0
572,1790599425.0666869,0.1635,-0.3499,36.7,5.33,9.1,1.66,0.67,accepted,22.6,1.48,332,591,9,1,0,map_accept,0.98,17.5,61.0,7,2,14.0
573,1790599425.141101,0.1659,-0.4024,28.6,12.73,18.0,2.22,0.69,accepted,25.4,1.60,376,581,10,1,0,map_accept,0.99,21.6,19.2,7,2,14.0
574,1790599425.2197568,0.1672,-0.4366,76.9,-6.28,23.9,2.44,0.70,accepted,17.0,0.64,385,580,10,1,0,map_accept,0.99,15.9,43.6,7,2,14.0
575,1790599425.293107,0.1643,-0.4588,78.8,-5.89,28.0,3.09,0.68,accepted,11.6,1.84,349,583,9,1,0,map_accept,0.98,13.0,57.8,7,2,14.0
576,1790599425.365493,0.1626,-0.4732,85.2,-8.88,29.2,3.36,0.66,accepted,3.5,0.78,355,590,9,1,0,map_accept,0.97,6.8,75.9,7,2,14.0
577,1790599425.4392276,0.1656,-0.4826,95.0,-15.08,32.6,3.74,0.69,accepted,9.5,1.09,409,600,10,1,0,map_accept,0.98,13.1,90.5,7,2,14.0
578,1790599425.5284612,0.1657,-0.4887,80.1,-8.33,31.5,3.56,0.69,accepted,-2.9,-0.51,367,579,9,1,0,map_hold,0.97,10.8,-54.5,7,0,14.0
579,1790599425.607212,0.1657,-0.4926,60.1,1.88,31.0,3.44,0.69,accepted,-1.6,-0.35,373,559,9,1,0,map_hold,0.97,8.3,-12.8,7,0,14.0
580,1790599425.6799643,0.1657,-0.4952,89.4,-10.50,30.7,3.43,0.69,accepted,-0.7,-0.03,363,541,9,1,0,map_hold,0.96,15.7,27.3,7,0,14.0
581,1790599425.7500978,0.1678,-0.4969,95.8,-13.17,36.2,4.26,0.71,accepted,15.8,2.38,376,532,10,1,0,map_accept,0.97,15.8,22.4,7,3,14.0
582,1790599425.8267717,0.1688,-0.4980,55.6,4.18,39.1,4.62,0.72,accepted,8.3,1.02,378,534,10,1,0,map_accept,0.98,8.5,47.1,7,3,14.0
583,1790599425.8936749,0.1648,-0.4987,172.3,-14.21,42.9,5.15,0.68,accepted,10.9,1.51,285,539,9,1,0,map_accept,0.98,11.7,44.3,6,1,14.0
584,1790599425.9637916,0.1614,-0.4991,61.2,5.23,44.5,5.15,0.65,accepted,4.6,0.01,283,543,9,1,0,map_accept,0.97,6.4,31.8,6,1,14.0
585,1790599426.0333745,0.1645,-0.4994,91.6,-15.97,44.3,5.74,0.68,accepted,-0.5,1.67,391,551,10,1,0,map_accept,0.99,1.5,39.3,7,2,14.0
586,1790599426.120333,0.1570,-0.4996,139.6,-4.35,43.2,6.15,0.61,accepted,-3.3,1.19,285,569,7,1,0,map_accept,0.97,-2.1,70.9,4,0,14.0
587,1790599426.196689,0.1537,-0.4998,147.6,-5.22,42.6,6.95,0.58,accepted,-1.7,2.28,295,589,7,1,0,map_accept,0.95,-4.7,80.9,4,0,14.0
588,1790599426.275385,0.1515,-0.4998,144.3,-4.66,54.3,8.29,0.56,accepted,33.4,3.83,301,591,7,1,0,map_accept,0.94,24.3,30.9,4,0,14.0
589,1790599426.3474674,0.1373,-0.4999,111.8,9.33,54.3,8.29,0.43,pending,34.2,-19.74,546,591,4,1,1,map_accept,0.92,23.8,46.0,1,0,14.0
590,1790599426.4251924,0.1455,-0.4999,182.9,-29.03,68.9,9.36,0.50,accepted,41.7,3.06,362,587,8,1,0,map_accept,0.92,19.9,18.9,5,3,14.0
591,1790599426.499532,0.1482,-0.5000,182.6,-14.08,82.7,10.98,0.53,accepted,39.6,4.62,314,590,8,1,0,map_accept,0.93,23.5,46.2,5,0,14.0
592,1790599426.587446,0.1339,-0.5000,124.7,13.24,82.7,10.98,0.40,pending,26.3,-25.55,561,590,3,1,1,map_accept,0.90,16.0,11.0,0,0,14.0
593,1790599426.664031,0.1392,-0.5000,97.0,-7.82,90.9,11.50,0.45,accepted,23.3,1.48,313,598,6,1,0,map_accept,0.89,6.7,76.6,4,3,14.0
594,1790599426.7547152,0.1448,-0.5000,180.4,-10.10,100.2,12.60,0.50,accepted,26.6,3.14,326,609,8,1,0,map_accept,0.90,13.0,89.1,6,0,14.0
595,1790599426.8271618,0.1336,-0.5000,173.5,0.00,100.2,12.60,0.40,pending,35.8,-26.37,472,609,2,1,1,map_accept,0.87,25.7,100.2,0,0,14.0
596,1790599426.8991797,0.1424,-0.5000,272.1,-34.58,120.4,12.96,0.48,accepted,57.8,1.02,326,613,8,1,0,map_accept,0.89,39.9,107.9,7,0,14.0
597,1790599426.9696274,0.1432,-0.5000,91.4,-8.33,121.5,12.55,0.48,accepted,3.1,-1.15,316,578,5,1,0,map_hold,0.88,39.0,-180.5,5,0,14.0
598,1790599427.0451207,0.1431,-0.5000,21.1,6.47,98.8,9.84,0.48,accepted,-64.8,-7.77,324,569,6,1,0,map_accept,0.87,-58.9,87.2,5,2,14.0
599,1790599427.1164474,0.1511,-0.5000,123.6,1.03,83.5,9.07,0.56,accepted,-43.8,-2.18,337,569,9,1,0,map_accept,0.91,-39.6,118.4,7,1,14.0
600,1790599427.2168727,0.1559,-0.5000,188.7,-21.99,81.9,8.84,0.60,accepted,-4.5,-0.67,339,576,9,1,0,map_accept,0.93,-2.7,145.1,7,0,14.0
601,1790599427.2945766,0.1684,-0.5000,117.9,8.23,71.6,9.14,0.71,accepted,-29.4,0.86,350,573,10,1,0,map_accept,0.96,-27.3,115.3,7,1,14.0
602,1790599427.3698883,0.1693,-0.5000,122.9,8.56,66.2,9.40,0.72,accepted,-15.6,0.74,357,579,10,1,0,map_accept,0.97,-19.6,144.6,7,1,14.0
603,1790599427.4450035,0.1698,-0.5000,164.0,-10.46,55.8,9.19,0.73,accepted,-29.7,-0.62,366,583,10,1,0,map_accept,0.98,-39.5,139.1,7,1,14.0
604,1790599427.5192518,0.1679,-0.5000,142.5,-17.16,62.1,9.13,0.71,accepted,18.0,-0.16,363,546,9,1,0,map_hold,0.98,-27.0,163.0,7,1,14.0
605,1790599427.5909445,0.1691,-0.5000,111.2,-13.04,85.3,10.39,0.72,accepted,66.4,3.58,372,498,10,1,0,map_accept,0.98,48.3,-48.0,7,7,14.0
606,1790599427.6717975,0.1698,-0.5000,101.0,-10.37,97.8,10.98,0.73,accepted,35.7,1.70,386,467,10,1,0,map_accept,0.98,24.4,-12.3,7,6,14.0
607,1790599427.74333,0.1711,-0.5000,69.7,-2.67,109.1,11.35,0.74,accepted,32.2,1.05,395,449,10,1,0,map_accept,0.98,25.9,5.6,7,6,14.0
608,1790599427.817757,0.1717,-0.5000,15.0,11.82,116.2,11.74,0.74,accepted,20.4,1.13,402,441,10,1,0,map_accept,0.98,19.7,18.4,7,5,14.0
609,1790599427.8926203,0.1703,-0.5000,99.7,-6.67,114.0,10.92,0.73,accepted,-6.3,-2.35,404,436,9,1,0,map_pending,0.92,-32.8,185.1,7,3,14.0
610,1790599427.9674945,0.1655,-0.5000,152.4,-21.89,111.3,10.08,0.69,accepted,-7.6,-2.41,368,433,8,1,0,map_hold,0.92,-31.9,197.7,6,1,14.0
611,1790599428.0402853,0.1606,-0.5000,98.0,-9.15,108.0,9.31,0.64,accepted,-9.6,-2.20,349,431,7,1,0,map_hold,0.92,-39.9,175.5,6,2,14.0
612,1790599428.1135888,0.1613,-0.5000,115.7,-22.49,110.1,8.91,0.65,accepted,6.0,-1.14,397,443,9,1,0,map_accept,0.94,17.6,43.1,6,4,14.0
613,1790599428.1868045,0.1659,-0.5000,74.6,-8.82,107.6,8.68,0.69,accepted,-7.1,-0.67,428,454,10,1,0,map_accept,0.96,8.5,36.1,7,5,14.0
614,1790599428.262697,0.1671,-0.5000,21.8,3.15,101.4,7.75,0.70,accepted,-17.8,-2.66,415,456,9,1,0,map_hold,0.96,-40.3,222.8,7,1,14.0
615,1790599428.3398042,0.1538,-0.5000,97.4,-27.90,97.9,7.41,0.58,pending,-43.9,-4.26,383,463,9,1,0,map_accept,0.97,-24.7,135.5,6,1,14.0
616,1790599428.418554,0.1442,-0.5000,44.4,-6.46,93.6,7.03,0.49,pending,-52.9,-4.67,393,470,9,1,0,map_accept,0.97,-21.7,114.5,6,1,14.0
617,1790599428.4947126,0.1518,-0.5000,125.7,-35.47,91.3,6.97,0.56,accepted,-6.6,-0.18,401,488,9,1,0,map_accept,0.97,34.2,13.9,6,3,14.0
618,1790599428.5825293,0.1551,-0.5000,73.9,-23.76,62.7,5.00,0.59,accepted,-81.8,-5.61,403,508,9,1,0,map_accept,0.97,-44.8,48.8,6,3,14.0
619,1790599428.6554708,0.1609,-0.5000,11.4,-2.06,41.8,2.99,0.64,accepted,-59.7,-5.76,442,521,10,1,0,map_accept,0.98,-32.2,46.8,7,5,14.0
620,1790599428.7314014,0.1659,-0.5000,2.6,2.57,28.7,2.07,0.69,accepted,-37.3,-2.61,438,530,10,1,0,map_accept,0.99,-16.1,42.2,7,3,14.0
621,1790599428.8042762,0.1685,-0.5000,0.2,2.76,15.5,1.25,0.71,accepted,-37.7,-2.34,444,539,10,1,0,map_accept,0.99,-20.5,55.0,7,3,14.0
622,1790599428.8860433,0.1712,-0.4216,6.5,-0.16,-2.3,0.72,0.74,accepted,-51.0,-1.53,426,555,10,1,0,map_accept,0.99,-37.6,81.5,7,3,14.0
623,1790599428.9554667,0.1682,-0.3473,-13.3,11.96,-6.6,0.72,0.71,accepted,-12.2,0.01,413,543,9,1,0,map_accept,0.98,-5.1,-9.4,7,4,14.0
624,1790599429.0247068,0.1664,-0.2708,-13.7,11.53,-11.5,0.58,0.69,accepted,-14.2,-0.41,419,543,9,1,0,map_accept,0.98,-9.6,23.8,7,4,14.0
625,1790599429.0937438,0.1651,-0.2017,114.8,-20.56,-17.3,2.78,0.68,accepted,-16.5,6.27,398,552,10,1,0,map_accept,0.99,-14.3,44.6,7,4,14.0
626,1790599429.165794,0.1647,-0.1511,110.1,-22.74,-18.8,3.26,0.68,accepted,-4.2,1.37,411,572,9,1,0,map_accept,0.98,-10.4,91.3,7,3,14.0
627,1790599429.2389212,0.1609,-0.2332,71.1,-11.68,6.0,5.75,0.64,accepted,70.8,7.11,397,523,9,1,0,map_accept,0.97,60.4,-124.8,7,6,14.0
628,1790599429.3104875,0.1639,-0.3263,119.5,-29.61,21.9,7.21,0.67,accepted,45.5,4.17,405,490,10,1,0,map_accept,0.98,42.1,-77.1,7,6,14.0
629,1790599429.3836014,0.1658,-0.3871,56.4,-8.30,21.5,6.89,0.69,accepted,-1.1,-0.90,403,484,9,1,0,map_hold,0.97,-35.8,184.5,7,2,14.0
630,1790599429.455757,0.1673,-0.4266,62.4,-12.99,20.8,6.66,0.70,accepted,-2.2,-0.64,407,481,9,1,0,map_hold,0.96,-4.4,72.9,7,0,14.0
631,1790599429.5344915,0.1704,-0.4523,39.4,-5.87,23.9,6.77,0.73,accepted,9.0,0.29,439,501,10,1,0,map_accept,0.97,12.0,73.5,7,4,14.0
632,1790599429.611038,0.1722,-0.4690,35.9,-7.93,23.1,6.25,0.75,accepted,-2.4,-1.48,444,520,10,1,0,map_accept,0.98,2.7,63.7,7,3,14.0
633,1790599429.6897883,0.1724,-0.4798,-27.7,11.63,27.9,7.40,0.75,accepted,13.7,3.29,418,539,10,1,0,map_accept,0.98,19.8,62.9,7,3,14.0
634,1790599429.7611446,0.1724,-0.4869,44.6,1.30,44.0,8.67,0.75,accepted,46.1,3.64,426,514,10,1,0,map_accept,0.98,51.5,-71.0,7,7,14.0
635,1790599429.832293,0.1662,-0.4915,134.2,-32.46,53.6,9.69,0.69,accepted,27.5,2.92,381,498,8,1,0,map_accept,0.98,36.1,-31.6,6,4,14.0
636,1790599429.9080598,0.1676,-0.4945,42.8,-14.04,42.4,7.44,0.71,accepted,-32.1,-6.44,444,529,10,1,0,map_accept,0.99,-20.5,125.2,7,3,14.0
637,1790599429.9784424,0.1682,-0.4964,13.5,1.27,32.1,5.73,0.71,accepted,-29.4,-4.88,460,559,10,1,0,map_accept,0.99,-17.2,121.2,7,3,14.0
638,1790599430.0567627,0.1701,-0.4977,24.5,-6.89,17.9,4.38,0.73,accepted,-40.6,-3.87,428,576,10,1,0,map_accept,0.99,-27.8,78.8,7,2,14.0
639,1790599430.1290605,0.1706,-0.4980,-8.8,5.68,9.1,3.31,0.73,accepted,-25.1,-3.04,436,592,10,1,0,map_accept,0.99,-14.1,73.0,7,2,14.0
640,1790599430.2342415,0.1714,-0.4560,17.1,1.91,1.8,2.85,0.74,accepted,-20.8,-1.32,430,607,10,1,0,map_accept,0.99,-10.7,75.4,7,2,14.0
641,1790599430.3104181,0.1711,-0.3696,66.6,-16.49,-10.2,2.00,0.74,accepted,-34.3,-2.42,454,621,10,1,0,map_accept,0.99,-25.3,74.0,7,2,14.0
642,1790599430.3805315,0.1718,-0.2778,28.6,-13.07,-18.4,1.57,0.74,accepted,-23.5,-1.24,445,627,10,1,0,map_accept,0.99,-18.2,59.6,7,2,14.0
643,1790599430.450749,0.1724,-0.1970,-1.8,6.14,-21.3,1.31,0.75,accepted,-8.1,-0.75,427,621,10,1,0,map_accept,0.99,-6.8,24.3,7,3,14.0
644,1790599430.539191,0.1729,-0.1243,45.4,-9.59,-21.2,1.45,0.75,accepted,0.3,0.39,433,617,10,1,0,map_accept,0.99,-1.3,33.9,7,3,14.0
645,1790599430.637467,0.1729,-0.0871,11.0,0.91,-19.4,1.58,0.75,accepted,4.9,0.37,438,615,10,1,0,map_accept,0.99,0.6,37.4,7,3,14.0
646,1790599430.7376406,0.1731,-0.1015,14.5,-0.24,-12.7,1.85,0.76,accepted,19.2,0.78,445,615,10,1,0,map_accept,0.99,12.4,45.1,7,3,14.0
647,1790599430.8271995,0.1735,-0.1402,73.7,-20.60,-7.7,2.09,0.76,accepted,14.5,0.70,453,615,10,1,0,map_accept,0.99,8.1,42.3,7,3,14.0
648,1790599430.8988867,0.1738,-0.1947,41.4,-2.66,-2.6,2.36,0.76,accepted,14.4,0.75,457,614,10,1,0,map_accept,0.99,9.0,39.3,7,3,14.0
649,1790599430.9689257,0.1741,-0.2563,65.2,-13.75,1.4,3.01,0.76,accepted,11.6,1.86,444,615,10,1,0,map_accept,0.99,8.0,42.7,7,3,14.0
650,1790599431.0628438,0.1732,-0.3256,33.6,-3.57,6.5,3.25,0.76,accepted,14.6,0.69,457,608,10,1,0,map_accept,0.99,12.5,14.5,7,4,14.0
651,1790599431.1373448,0.1723,-0.3867,15.0,7.70,9.9,3.30,0.75,accepted,9.7,0.13,459,605,10,1,0,map_accept,0.99,10.8,18.7,7,5,14.0
652,1790599431.2086399,0.1721,-0.4263,-14.4,5.11,13.1,3.39,0.75,accepted,9.1,0.26,431,605,10,1,0,map_accept,0.99,12.9,26.4,7,4,14.0
653,1790599431.280376,0.1720,-0.4521,35.5,-8.87,15.7,3.38,0.75,accepted,7.4,-0.03,438,607,10,1,0,map_accept,0.99,13.6,27.6,7,5,14.0
654,1790599431.3540368,0.1722,-0.4689,28.7,-3.35,11.6,3.01,0.75,accepted,-11.7,-1.06,442,611,10,1,0,map_accept,0.99,-3.0,29.8,7,5,14.0
655,1790599431.4271674,0.1724,-0.4798,28.6,-2.88,13.1,2.78,0.75,accepted,4.1,-0.63,448,627,10,1,0,map_accept,0.99,12.6,71.4,7,2,14.0
656,1790599431.4995482,0.1726,-0.4868,21.7,1.83,14.3,2.63,0.75,accepted,3.4,-0.44,451,640,10,1,0,map_accept,0.99,12.8,66.1,7,2,14.0
657,1790599431.571728,0.1727,-0.4915,8.2,7.70,16.5,2.41,0.75,accepted,6.5,-0.63,455,645,10,1,0,map_accept,0.99,16.3,42.1,7,3,14.0
658,1790599431.6441834,0.1727,-0.4944,25.4,-0.53,19.1,2.41,0.75,accepted,7.5,0.01,458,649,10,1,0,map_accept,0.99,18.4,38.9,7,3,14.0
659,1790599431.7245548,0.1727,-0.4964,32.1,-2.65,22.2,2.48,0.75,accepted,8.9,0.18,456,653,10,1,0,map_accept,0.99,20.7,38.1,7,2,14.0
660,1790599431.810254,0.1728,-0.4977,37.7,-6.42,22.1,2.11,0.75,accepted,-0.5,-1.05,447,656,10,1,0,map_accept,0.99,12.0,32.4,7,2,14.0
