filename,v_mps,w_radps,w_degps,err_x_px,err_theta_deg,filt_err_x,filt_err_theta_deg,confidence,status,innovation_x,innovation_theta_deg,median_width,filt_width,n_two_sided,has_line,time_ms,map_status,map_conf,map_innov_x,map_innov_w,support_old,support_new
photo_5314402613371544462_y.jpg,0.2000,-0.5000,-28.65,213.0,-17.16,213.0,-17.16,1.00,accepted,0.0,0.00,369,369,8,1,117.1,,0.00,0.0,0.0,0,0
photo_5314402613371544463_y.jpg,0.2000,-0.3423,-19.61,18.2,3.27,18.2,3.27,1.00,accepted,0.0,0.00,211,211,2,1,92.7,,0.00,0.0,0.0,0,0
photo_5314402613371544464_y.jpg,0.2000,0.5000,28.65,-141.3,-0.17,-141.3,-0.17,1.00,accepted,0.0,0.00,350,350,10,1,72.8,,0.00,0.0,0.0,0,0
photo_5314402613371544465_y.jpg,0.2000,-0.5000,-28.65,71.7,-15.49,71.7,-15.49,1.00,accepted,0.0,0.00,426,426,9,1,41.6,,0.00,0.0,0.0,0,0
photo_5314402613371544466_y.jpg,0.2000,-0.5000,-28.65,358.0,-19.55,358.0,-19.55,1.00,accepted,0.0,0.00,545,545,9,1,50.3,,0.00,0.0,0.0,0,0
photo_5314402613371544467_y.jpg,0.2000,-0.5000,-28.65,189.1,-16.48,189.1,-16.48,1.00,accepted,0.0,0.00,338,338,6,1,93.2,,0.00,0.0,0.0,0,0
photo_5314402613371544469_y.jpg,0.2000,0.5000,28.65,-186.1,-1.69,-186.1,-1.69,1.00,accepted,0.0,0.00,130,130,5,1,122.4,,0.00,0.0,0.0,0,0
photo_5314402613371544471_y.jpg,0.2000,0.5000,28.65,-144.8,5.59,-144.8,5.59,1.00,accepted,0.0,0.00,468,468,10,1,57.5,,0.00,0.0,0.0,0,0
photo_5314402613371544472_y.jpg,0.2000,-0.5000,-28.65,28.7,32.27,28.7,32.27,1.00,accepted,0.0,0.00,431,431,5,1,51.6,,0.00,0.0,0.0,0,0
