frame,time_s,pitch_deg,yaw_deg,row_spacing_m,n_rows,ey_cm_smoothed,e_theta_deg_smoothed,prominence,status
0,0.0,60.0,0.0,1.5415,5,33.0,0.0,147.5,INIT
1,0.033,60.0,0.0,1.5427,6,33.0,0.0,159.1,OK
2,0.067,60.0,0.0,1.5399,5,33.0,0.0,164.9,OK
3,0.1,60.0,0.0,1.5312,5,33.0,0.0,164.1,OK
4,0.133,60.0,0.0,1.516,5,39.34,0.0,168.3,OK
5,0.167,60.0,0.0,1.4992,5,43.02,0.0,175.5,OK
6,0.2,60.0,0.0,1.4781,5,44.72,0.0,183.5,OK
7,0.234,60.0,0.0,1.4508,5,45.02,0.0,176.9,OK
8,0.267,60.0,0.0,1.4223,5,44.57,0.0,179.2,OK
9,0.3,60.0,0.0,1.3967,6,43.97,0.0,197.4,OK
10,0.334,60.0,0.0,1.372,6,43.21,0.0,202.7,OK
11,0.367,60.0,0.0,1.3461,6,42.26,0.0,207.4,OK
12,0.4,60.0,0.0,1.3461,6,42.26,0.0,225.9,HELD (row jump)
13,0.434,60.0,0.0,1.3403,6,50.2,-2.03,237.4,OK
14,0.467,60.0,0.0,1.3273,6,54.25,-3.11,264.2,OK
15,0.5,60.0,0.0,1.3067,6,55.53,-3.47,278.4,OK
16,0.534,60.0,0.0,1.2864,7,55.56,-3.44,281.6,OK
17,0.567,60.0,0.0,1.2717,7,55.49,-3.27,290.4,OK
18,0.6,60.0,0.0,1.2633,7,56.1,-3.15,292.0,OK
19,0.634,60.0,0.0,1.2552,7,56.79,-3.05,305.2,OK
20,0.667,60.0,0.0,1.2494,7,57.81,-2.92,305.8,OK
21,0.701,60.0,0.0,1.2456,7,59.02,-2.78,306.5,OK
22,0.734,60.0,0.0,1.2456,7,59.02,-2.78,290.6,HELD (row jump)
23,0.767,60.0,0.0,1.2456,7,59.02,-2.78,305.7,HELD (row jump)
24,0.801,60.0,0.0,1.2456,7,59.02,-2.78,309.5,HELD (row jump)
25,0.834,60.0,0.0,1.2456,7,59.02,-2.78,316.0,HELD (row jump)
26,0.867,60.0,0.0,1.2228,7,-35.6,-2.06,296.2,RELOCK
27,0.901,60.0,0.0,1.223,7,-34.69,-1.97,313.9,OK
28,0.934,60.0,0.0,1.2225,7,-33.39,-1.91,307.6,OK
29,0.967,60.0,0.0,1.2167,7,-39.26,-2.06,222.0,OK
30,1.001,60.0,0.0,1.2153,7,-42.93,-2.03,225.9,OK
31,1.034,60.0,0.0,1.2142,7,-44.68,-1.99,231.9,OK
32,1.068,60.0,0.0,1.2129,7,-45.23,-1.9,244.1,OK
33,1.101,60.0,0.0,1.212,7,-44.78,-1.8,248.5,OK
34,1.134,60.0,0.0,1.213,7,-44.15,-1.7,257.3,OK
35,1.168,60.0,0.0,1.2097,7,-43.05,-1.61,296.6,OK
36,1.201,60.0,0.0,1.2031,6,-43.02,-1.55,296.0,OK
37,1.234,60.0,0.0,1.1966,6,-41.78,-1.48,323.5,OK
38,1.268,60.0,0.0,1.1872,6,-40.84,-1.44,326.8,OK
39,1.301,60.0,0.0,1.1756,7,-40.89,-1.42,335.5,OK
40,1.334,60.0,0.0,1.1619,7,-40.93,-1.41,328.1,OK
41,1.368,60.0,0.0,1.1469,7,-41.65,-1.41,290.1,OK
42,1.401,60.0,0.0,1.1281,7,-44.92,-1.41,271.2,OK
43,1.434,60.0,0.0,1.1079,7,-47.03,-1.68,278.8,OK
44,1.468,60.0,0.0,1.0894,7,-42.26,-1.83,285.5,OK
45,1.501,60.0,0.0,1.0737,7,-38.74,-1.86,302.5,OK
46,1.535,60.0,0.0,1.0626,8,-35.92,-1.9,303.7,OK
47,1.568,60.0,0.0,1.0522,8,-33.61,-1.9,314.7,OK
48,1.601,60.0,0.0,1.0398,9,-31.47,-1.96,300.2,OK
49,1.635,60.0,0.0,1.027,9,-29.52,-2.08,294.3,OK
50,1.668,60.0,0.0,1.0132,9,-28.03,-2.2,295.5,OK
51,1.701,60.0,0.0,0.9944,9,-26.36,-2.5,284.3,OK
52,1.735,60.0,0.0,0.973,9,-24.53,-2.92,301.8,OK
53,1.768,60.0,0.0,0.953,9,-23.51,-3.11,305.4,OK
54,1.801,60.0,0.0,0.9359,9,-22.75,-3.27,308.4,OK
55,1.835,60.0,0.0,0.9192,9,-22.07,-3.45,297.7,OK
56,1.868,60.0,0.0,0.8988,9,-21.24,-3.72,285.3,OK
57,1.902,60.0,0.0,0.8817,9,-20.65,-3.93,263.1,OK
58,1.935,60.0,0.0,0.8691,9,-20.0,-3.91,194.2,OK
59,1.968,60.0,0.0,0.8542,9,-19.5,-3.96,214.9,OK
60,2.002,60.0,0.0,0.8308,11,-18.81,-4.21,192.9,OK
61,2.035,60.0,0.0,0.8069,11,-18.68,-4.33,189.2,OK
62,2.068,60.0,0.0,0.7829,12,-19.11,-4.33,183.0,OK
63,2.102,60.0,0.0,0.752,11,-19.28,-4.48,177.3,OK
64,2.135,60.0,0.0,0.7156,12,-20.15,-4.46,163.7,OK
65,2.168,60.0,0.0,0.6852,13,-21.29,-4.35,159.6,OK
66,2.202,60.0,0.0,0.6525,13,-23.04,-4.07,147.8,OK
67,2.235,60.0,0.0,0.6525,15,-23.04,-4.07,141.0,HELD (row jump)
68,2.268,60.0,0.0,0.6525,15,-23.04,-4.07,132.4,HELD (row jump)
69,2.302,60.0,0.0,0.6525,16,-23.04,-4.07,111.7,HELD (row jump)
70,2.335,60.0,0.0,0.6525,18,-23.04,-4.07,86.4,HELD (row jump)
71,2.369,60.0,0.0,0.6525,8,-23.04,-4.07,63.6,HELD (row jump)
72,2.402,60.0,0.0,0.6525,7,-23.04,-4.07,44.7,HELD (row jump)
73,2.435,60.0,0.0,0.6525,5,-23.04,-4.07,47.5,HELD (row jump)
74,2.469,60.0,0.0,0.6525,5,-23.04,-4.07,42.7,HELD (spacing jump)
75,2.502,60.0,0.0,0.6525,6,-23.04,-4.07,42.4,HELD (heading jump)
76,2.535,60.0,0.0,0.6525,6,-23.04,-4.07,50.7,HELD (row jump)
77,2.569,60.0,0.0,0.6525,6,-23.04,-4.07,43.8,HELD (row jump)
78,2.602,60.0,0.0,0.6525,6,-23.04,-4.07,54.5,HELD (row jump)
79,2.635,60.0,0.0,0.6525,5,-23.04,-4.07,55.7,HELD (spacing jump)
80,2.669,60.0,0.0,0.6525,5,-23.04,-4.07,58.3,HELD (heading jump)
81,2.702,60.0,0.0,0.6525,5,-23.04,-4.07,47.6,HELD (spacing jump)
82,2.735,60.0,0.0,0.6525,5,-23.04,-4.07,50.0,HELD (spacing jump)
83,2.769,60.0,0.0,1.3856,5,-30.75,-10.59,54.0,RELOCK
84,2.802,60.0,0.0,1.3894,5,-28.64,-11.09,69.3,OK
85,2.836,60.0,0.0,1.3914,5,-14.81,-11.61,68.3,OK
86,2.869,60.0,0.0,1.3914,3,-14.81,-11.61,40.8,HELD (row jump)
87,2.902,60.0,0.0,1.3914,11,-14.81,-11.61,32.6,HELD (heading jump)
88,2.936,60.0,0.0,1.3914,3,-14.81,-11.61,29.4,HELD (row jump)
89,2.969,60.0,0.0,1.3914,3,-14.81,-11.61,29.2,HELD (row jump)
90,3.002,60.0,0.0,1.3914,3,-14.81,-11.61,33.7,HELD (row jump)
91,3.036,60.0,0.0,1.3914,3,-14.81,-11.61,35.1,HELD (row jump)
92,3.069,60.0,0.0,1.3914,4,-14.81,-11.61,37.5,HELD (heading jump)
93,3.102,60.0,0.0,1.3914,8,-14.81,-11.61,38.1,HELD (row jump)
94,3.136,60.0,0.0,1.3914,8,-14.81,-11.61,42.7,HELD (row jump)
95,3.169,60.0,0.0,1.3914,8,-14.81,-11.61,50.6,HELD (row jump)
96,3.203,60.0,0.0,1.3914,7,-14.81,-11.61,54.4,HELD (row jump)
97,3.236,60.0,0.0,1.0189,7,38.99,12.48,56.5,RELOCK
98,3.269,60.0,0.0,1.0242,7,33.76,13.71,59.3,OK
99,3.303,60.0,0.0,1.0261,7,27.29,15.05,63.0,OK
100,3.336,60.0,0.0,1.0372,8,23.72,15.29,67.4,OK
101,3.369,60.0,0.0,1.0469,8,18.05,15.93,74.4,OK
102,3.403,60.0,0.0,1.053,8,11.09,16.74,73.8,OK
103,3.436,60.0,0.0,1.0587,8,4.97,17.31,79.3,OK
104,3.469,60.0,0.0,1.0665,8,-1.18,17.93,87.5,OK
105,3.503,60.0,0.0,1.0665,18,-1.18,17.93,94.3,HELD (heading jump)
106,3.536,60.0,0.0,1.0665,17,-1.18,17.93,117.7,HELD (heading jump)
107,3.569,60.0,0.0,1.0665,16,-1.18,17.93,125.1,HELD (heading jump)
108,3.603,60.0,0.0,1.0665,16,-1.18,17.93,145.0,HELD (heading jump)
109,3.636,60.0,0.0,1.0665,16,-1.18,17.93,159.3,HELD (heading jump)
110,3.67,60.0,0.0,0.5256,15,18.22,-2.76,170.3,RELOCK
111,3.703,60.0,0.0,0.5366,14,17.08,-3.42,185.1,OK
112,3.736,60.0,0.0,0.5521,15,17.07,-3.95,194.5,OK
113,3.77,60.0,0.0,0.5679,14,17.03,-4.4,207.5,OK
114,3.803,60.0,0.0,0.5868,13,17.02,-4.78,229.2,OK
115,3.836,60.0,0.0,0.6048,12,17.19,-5.16,239.7,OK
116,3.87,60.0,0.0,0.6216,13,17.52,-5.59,129.7,OK
117,3.903,60.0,0.0,0.6435,12,19.13,-6.1,150.4,OK
118,3.936,60.0,0.0,0.6633,11,20.21,-6.42,165.1,OK
119,3.97,60.0,0.0,0.6869,11,22.31,-6.7,177.9,OK
120,4.003,60.0,0.0,0.7061,10,24.18,-6.9,193.3,OK
121,4.037,60.0,0.0,0.7212,10,25.76,-7.04,204.6,OK
122,4.07,60.0,0.0,0.7336,10,27.08,-7.07,215.2,OK
123,4.103,60.0,0.0,0.7459,10,28.2,-6.98,216.2,OK
124,4.137,60.0,0.0,0.7563,10,29.0,-6.84,228.1,OK
125,4.17,60.0,0.0,0.7628,10,29.58,-6.75,221.5,OK
126,4.203,60.0,0.0,0.7672,10,30.08,-6.74,221.3,OK
127,4.237,60.0,0.0,0.7797,11,32.3,-6.93,246.9,OK
128,4.27,60.0,0.0,0.7876,11,33.74,-7.07,240.4,OK
129,4.303,60.0,0.0,0.7929,11,34.7,-7.15,243.1,OK
130,4.337,60.0,0.0,0.803,10,36.01,-7.05,230.7,OK
131,4.37,60.0,0.0,0.8127,10,37.0,-6.97,259.3,OK
132,4.403,60.0,0.0,0.8209,10,37.81,-6.84,257.4,OK
133,4.437,60.0,0.0,0.8255,10,38.49,-6.74,254.6,OK
134,4.47,60.0,0.0,0.8281,10,38.92,-6.74,256.6,OK
135,4.504,60.0,0.0,0.8301,10,39.16,-6.8,237.7,OK
136,4.537,60.0,0.0,0.8323,10,39.2,-6.87,236.4,OK
137,4.57,60.0,0.0,0.8343,10,39.31,-6.9,230.2,OK
138,4.604,60.0,0.0,0.8352,10,39.37,-6.95,235.5,OK
139,4.637,60.0,0.0,0.8328,10,38.97,-7.03,244.6,OK
140,4.67,60.0,0.0,0.8304,10,39.27,-7.21,234.0,OK
141,4.704,60.0,0.0,0.8293,10,39.89,-7.36,245.2,OK
142,4.737,60.0,0.0,0.8293,10,39.89,-7.36,268.8,HELD (row jump)
143,4.77,60.0,0.0,0.8293,10,39.89,-7.36,279.1,HELD (row jump)
144,4.804,60.0,0.0,0.8293,10,39.89,-7.36,276.2,HELD (row jump)
145,4.837,60.0,0.0,0.8293,9,39.89,-7.36,190.8,HELD (row jump)
146,4.871,60.0,0.0,0.9029,9,-34.99,-7.04,220.4,RELOCK
147,4.904,60.0,0.0,0.9173,8,-33.79,-6.93,240.5,OK
148,4.937,60.0,0.0,0.9314,8,-31.79,-7.0,234.4,OK
149,4.971,60.0,0.0,0.9405,8,-30.57,-6.83,250.1,OK
150,5.004,60.0,0.0,0.9542,8,-30.48,-6.37,291.3,OK
151,5.037,60.0,0.0,0.9711,8,-30.07,-5.91,235.0,OK
152,5.071,60.0,0.0,0.9878,8,-29.05,-5.54,283.8,OK
153,5.104,60.0,0.0,1.0019,7,-27.81,-5.26,285.2,OK
154,5.137,60.0,0.0,1.0144,7,-25.99,-5.12,281.4,OK
155,5.171,60.0,0.0,1.0256,7,-24.41,-5.02,322.5,OK
156,5.204,60.0,0.0,1.0383,7,-22.64,-5.08,294.3,OK
157,5.237,60.0,0.0,1.0487,7,-21.04,-5.13,310.9,OK
158,5.271,60.0,0.0,1.0579,7,-19.37,-5.18,319.4,OK
159,5.304,60.0,0.0,1.0654,7,-17.76,-5.22,272.1,OK
160,5.338,60.0,0.0,1.0736,7,-17.44,-4.99,285.7,OK
161,5.371,60.0,0.0,1.0854,7,-17.37,-4.8,303.5,OK
162,5.404,60.0,0.0,1.0905,7,-17.41,-4.7,304.0,OK
163,5.438,60.0,0.0,1.088,7,-16.28,-4.99,296.4,OK
164,5.471,60.0,0.0,1.0887,7,-16.14,-4.94,298.6,OK
165,5.504,60.0,0.0,1.091,7,-15.68,-4.87,284.3,OK
166,5.538,60.0,0.0,1.0894,7,-15.17,-4.8,308.9,OK
167,5.571,60.0,0.0,1.0888,7,-14.9,-4.74,315.5,OK
168,5.604,60.0,0.0,1.0923,7,-15.05,-4.65,323.3,OK
169,5.638,60.0,0.0,1.0967,7,-15.18,-4.61,329.8,OK
170,5.671,60.0,0.0,1.0988,7,-15.09,-4.61,332.6,OK
171,5.705,60.0,0.0,1.1002,7,-14.54,-4.55,324.5,OK
172,5.738,60.0,0.0,1.1033,7,-13.85,-4.39,327.2,OK
173,5.771,60.0,0.0,1.1096,7,-12.92,-4.21,359.3,OK
174,5.805,60.0,0.0,1.1155,7,-11.72,-4.04,217.9,OK
175,5.838,60.0,0.0,1.123,7,-10.19,-3.99,255.5,OK
176,5.871,60.0,0.0,1.1326,7,-8.7,-4.02,273.6,OK
177,5.905,60.0,0.0,1.1424,7,-6.97,-4.26,274.8,OK
178,5.938,60.0,0.0,1.1501,7,-5.64,-4.39,270.2,OK
179,5.971,60.0,0.0,1.1566,6,-4.28,-4.5,277.4,OK
180,6.005,60.0,0.0,1.1627,6,-2.97,-4.64,291.3,OK
181,6.038,60.0,0.0,1.1698,6,-1.89,-4.76,304.7,OK
182,6.071,60.0,0.0,1.1761,6,-1.04,-4.84,303.5,OK
183,6.105,60.0,0.0,1.1832,6,-0.77,-4.76,314.1,OK
184,6.138,60.0,0.0,1.1933,6,-0.7,-4.72,325.4,OK
185,6.172,60.0,0.0,1.2086,6,-1.47,-4.64,302.5,OK
186,6.205,60.0,0.0,1.2218,7,-2.79,-4.73,294.6,OK
187,6.238,60.0,0.0,1.2328,7,-4.28,-5.0,289.5,OK
188,6.272,60.0,0.0,1.2402,7,-5.96,-5.43,282.7,OK
189,6.305,60.0,0.0,1.2529,7,-7.58,-5.98,275.8,OK
190,6.338,60.0,0.0,1.2649,7,-9.4,-6.4,281.0,OK
191,6.372,60.0,0.0,1.2847,7,-10.4,-6.82,275.9,OK
192,6.405,60.0,0.0,1.3072,6,-10.38,-7.36,278.7,OK
193,6.438,60.0,0.0,1.3205,6,-9.75,-8.07,277.6,OK
194,6.472,60.0,0.0,1.3205,7,-9.75,-8.07,291.9,HELD (heading jump)
195,6.505,60.0,0.0,1.3205,7,-9.75,-8.07,291.1,HELD (heading jump)
196,6.539,60.0,0.0,1.3205,7,-9.75,-8.07,296.9,HELD (heading jump)
197,6.572,60.0,0.0,1.3205,7,-9.75,-8.07,293.6,HELD (heading jump)
198,6.605,60.0,0.0,1.361,6,-46.76,0.0,226.5,RELOCK
199,6.639,60.0,0.0,1.3732,6,-47.23,0.0,250.4,OK
200,6.672,60.0,0.0,1.3821,6,-47.67,0.0,267.3,OK
201,6.705,60.0,0.0,1.3918,6,-48.09,0.0,264.9,OK
202,6.739,60.0,0.0,1.4094,5,-48.78,0.0,254.3,OK
203,6.772,60.0,0.0,1.428,5,-48.27,0.0,165.6,OK
204,6.805,60.0,0.0,1.4182,6,-38.03,0.0,182.7,OK
205,6.839,60.0,0.0,1.4018,6,-41.51,0.0,198.2,OK
206,6.872,60.0,0.0,1.391,6,-44.02,0.0,197.2,OK
207,6.905,60.0,0.0,1.3784,7,-46.16,0.0,213.5,OK
208,6.939,60.0,0.0,1.3643,7,-46.22,-0.65,226.6,OK
209,6.972,60.0,0.0,1.353,7,-39.48,-1.43,240.9,OK
210,7.006,60.0,0.0,1.3503,7,-37.2,-2.07,244.3,OK
211,7.039,60.0,0.0,1.3486,6,-35.0,-2.7,249.9,OK
212,7.072,60.0,0.0,1.3457,6,-34.27,-3.38,258.4,OK
213,7.106,60.0,0.0,1.3454,6,-33.79,-3.75,265.6,OK
214,7.139,60.0,0.0,1.3532,5,-33.48,-3.94,265.3,OK
215,7.172,60.0,0.0,1.3668,5,-33.99,-3.68,275.6,OK
216,7.206,60.0,0.0,1.3817,5,-34.33,-3.36,269.1,OK
217,7.239,60.0,0.0,1.3938,5,-34.56,-2.93,265.8,OK
218,7.272,60.0,0.0,1.4159,5,-47.05,-1.9,249.2,OK
219,7.306,60.0,0.0,1.4369,5,-55.2,-1.24,261.0,OK
220,7.339,60.0,0.0,1.4362,5,-48.11,-1.71,269.7,OK
221,7.373,60.0,0.0,1.4264,5,-42.08,-3.01,284.2,OK
222,7.406,60.0,0.0,1.4133,5,-38.13,-4.27,290.8,OK
223,7.439,60.0,0.0,1.3968,5,-35.56,-5.16,262.5,OK
224,7.473,60.0,0.0,1.3819,6,-40.36,-5.66,284.6,OK
225,7.506,60.0,0.0,1.3718,6,-44.58,-5.89,283.3,OK
226,7.539,60.0,0.0,1.3642,6,-48.58,-5.95,280.2,OK
227,7.573,60.0,0.0,1.3517,6,-51.62,-6.14,291.0,OK
228,7.606,60.0,0.0,1.3381,6,-50.58,-6.41,282.6,OK
229,7.639,60.0,0.0,1.326,6,-50.59,-6.61,246.2,OK
230,7.673,60.0,0.0,1.3108,6,-51.33,-6.49,275.0,OK
231,7.706,60.0,0.0,1.3025,6,-51.93,-7.38,273.1,OK
232,7.739,60.0,0.0,1.2838,6,-50.02,-7.78,212.6,OK
233,7.773,60.0,0.0,1.2725,6,-48.77,-8.14,222.8,OK
234,7.806,60.0,0.0,1.2587,6,-47.96,-8.38,243.2,OK
235,7.84,60.0,0.0,1.2403,6,-47.43,-8.54,249.2,OK
236,7.873,60.0,0.0,1.2322,6,-45.71,-8.57,257.4,OK
237,7.906,60.0,0.0,1.2258,6,-43.91,-8.43,274.8,OK
238,7.94,60.0,0.0,1.2202,7,-42.07,-8.19,285.1,OK
239,7.973,60.0,0.0,1.2146,7,-40.89,-7.83,280.5,OK
240,8.006,60.0,0.0,1.2109,7,-40.13,-7.5,275.2,OK
241,8.04,60.0,0.0,1.2056,7,-38.94,-7.35,304.6,OK
242,8.073,60.0,0.0,1.1946,7,-38.13,-7.61,304.4,OK
243,8.106,60.0,0.0,1.1752,8,-38.98,-7.92,301.1,OK
244,8.14,60.0,0.0,1.1611,8,-38.77,-8.19,306.9,OK
245,8.173,60.0,0.0,1.1516,8,-38.2,-8.36,308.3,OK
246,8.206,60.0,0.0,1.1473,8,-37.69,-8.42,319.9,OK
247,8.24,60.0,0.0,1.1474,8,-36.74,-8.55,286.8,OK
248,8.273,60.0,0.0,1.1532,7,-35.29,-8.65,310.5,OK
249,8.307,60.0,0.0,1.1616,7,-34.48,-8.6,299.3,OK
250,8.34,60.0,0.0,1.1802,7,-42.84,-8.47,330.5,OK
251,8.373,60.0,0.0,1.196,7,-47.61,-8.26,333.8,OK
252,8.407,60.0,0.0,1.2156,7,-50.73,-7.88,350.6,OK
253,8.44,60.0,0.0,1.2369,7,-52.09,-7.54,358.5,OK
254,8.473,60.0,0.0,1.2549,7,-52.96,-7.38,366.4,OK
255,8.507,60.0,0.0,1.2706,7,-53.51,-7.4,360.5,OK
256,8.54,60.0,0.0,1.2934,6,-43.7,-7.69,355.2,OK
257,8.573,60.0,0.0,1.269,7,-48.46,-5.0,336.9,OK
258,8.607,60.0,0.0,1.2716,7,-52.0,-5.84,293.6,OK
259,8.64,60.0,0.0,1.2794,7,-45.26,-6.31,285.0,OK
260,8.674,60.0,0.0,1.2592,7,-47.62,-4.76,305.0,OK
261,8.707,60.0,0.0,1.2574,7,-48.52,-3.84,230.7,OK
262,8.74,60.0,0.0,1.2589,7,-48.53,-3.5,232.6,OK
263,8.774,60.0,0.0,1.2595,7,-48.34,-3.51,276.5,OK
264,8.807,60.0,0.0,1.2626,7,-46.94,-4.15,263.1,OK
265,8.84,60.0,0.0,1.2665,7,-46.43,-4.71,282.2,OK
266,8.874,60.0,0.0,1.2699,6,-46.1,-5.29,288.8,OK
267,8.907,60.0,0.0,1.2717,6,-46.24,-5.76,302.1,OK
268,8.94,60.0,0.0,1.2753,6,-46.83,-6.09,314.4,OK
269,8.974,60.0,0.0,1.2807,6,-47.85,-6.28,314.2,OK
270,9.007,60.0,0.0,1.2857,6,-48.65,-6.42,316.9,OK
271,9.04,60.0,0.0,1.291,6,-49.16,-6.55,318.2,OK
272,9.074,60.0,0.0,1.2982,6,-50.01,-6.59,332.5,OK
273,9.107,60.0,0.0,1.3071,6,-51.57,-6.41,340.1,OK
274,9.141,60.0,0.0,1.3154,6,-52.37,-6.37,348.1,OK
275,9.174,60.0,0.0,1.321,6,-51.88,-6.49,339.3,OK
276,9.207,60.0,0.0,1.3196,6,-49.38,-7.03,330.6,OK
277,9.241,60.0,0.0,1.3151,6,-46.17,-7.62,341.3,OK
278,9.274,60.0,0.0,1.3082,6,-43.5,-8.02,262.4,OK
279,9.307,60.0,0.0,1.2955,6,-43.23,-7.75,263.5,OK
280,9.341,60.0,0.0,1.302,6,-42.91,-7.42,243.4,OK
281,9.374,60.0,0.0,1.3014,6,-42.83,-7.0,263.4,OK
282,9.407,60.0,0.0,1.2985,6,-39.04,-7.64,273.3,OK
283,9.441,60.0,0.0,1.2873,7,-37.24,-7.72,298.0,OK
284,9.474,60.0,0.0,1.2731,7,-36.32,-7.52,315.6,OK
285,9.508,60.0,0.0,1.2616,7,-36.14,-7.2,334.9,OK
286,9.541,60.0,0.0,1.2535,7,-36.2,-6.92,337.5,OK
287,9.574,60.0,0.0,1.2415,7,-36.68,-6.55,322.1,OK
288,9.608,60.0,0.0,1.2288,7,-37.22,-6.1,332.2,OK
289,9.641,60.0,0.0,1.2113,7,-37.39,-5.65,327.8,OK
290,9.674,60.0,0.0,1.1726,7,-35.92,-5.59,216.7,OK
291,9.708,60.0,0.0,1.1435,7,-34.35,-5.51,238.0,OK
292,9.741,60.0,0.0,1.1187,7,-32.54,-5.54,253.1,OK
293,9.774,60.0,0.0,1.1085,7,-29.37,-5.88,263.1,OK
294,9.808,60.0,0.0,1.0964,7,-28.56,-5.77,272.6,OK
295,9.841,60.0,0.0,1.0871,7,-27.88,-5.78,258.0,OK
296,9.874,60.0,0.0,1.0787,7,-27.54,-5.91,280.8,OK
297,9.908,60.0,0.0,1.079,7,-27.16,-5.93,281.1,OK
298,9.941,60.0,0.0,1.0832,7,-27.11,-5.89,288.8,OK
299,9.975,60.0,0.0,1.0822,7,-27.04,-5.99,290.4,OK
300,10.008,60.0,0.0,1.0822,7,-26.43,-5.97,290.6,OK
301,10.041,60.0,0.0,1.0798,7,-25.12,-6.0,281.8,OK
302,10.075,60.0,0.0,1.081,7,-21.26,-6.68,289.4,OK
303,10.108,60.0,0.0,1.077,7,-21.18,-6.62,287.1,OK
304,10.141,60.0,0.0,1.0656,7,-21.02,-6.88,284.6,OK
305,10.175,60.0,0.0,1.0543,7,-20.33,-7.32,297.6,OK
306,10.208,60.0,0.0,1.0471,7,-20.13,-7.55,317.4,OK
307,10.241,60.0,0.0,1.0455,7,-20.78,-7.56,299.5,OK
308,10.275,60.0,0.0,1.0438,7,-21.43,-7.55,303.9,OK
309,10.308,60.0,0.0,1.0386,7,-21.42,-7.68,331.7,OK
310,10.342,60.0,0.0,1.0315,7,-20.96,-7.92,285.5,OK
311,10.375,60.0,0.0,1.0288,7,-20.66,-8.03,321.2,OK
312,10.408,60.0,0.0,1.0285,7,-20.71,-8.0,318.1,OK
313,10.442,60.0,0.0,1.022,8,-20.29,-8.17,322.1,OK
314,10.475,60.0,0.0,1.0113,8,-19.66,-8.46,321.0,OK
315,10.508,60.0,0.0,1.0007,8,-19.16,-8.86,300.9,OK
316,10.542,60.0,0.0,0.9928,8,-18.74,-9.3,311.4,OK
317,10.575,60.0,0.0,0.9887,8,-18.59,-9.58,322.3,OK
318,10.608,60.0,0.0,0.987,8,-18.3,-9.79,325.5,OK
319,10.642,60.0,0.0,0.9946,8,-17.62,-9.73,202.8,OK
320,10.675,60.0,0.0,1.0002,7,-17.04,-9.62,227.8,OK
321,10.708,60.0,0.0,0.9979,8,-16.61,-9.62,227.2,OK
322,10.742,60.0,0.0,0.9883,8,-17.0,-9.54,249.5,OK
323,10.775,60.0,0.0,0.9772,8,-18.06,-9.4,246.1,OK
324,10.809,60.0,0.0,0.9666,8,-20.68,-8.99,272.7,OK
325,10.842,60.0,0.0,0.9481,8,-22.62,-8.94,287.4,OK
326,10.875,60.0,0.0,0.9237,10,-25.31,-8.74,289.6,OK
327,10.909,60.0,0.0,0.8976,10,-28.75,-8.33,272.5,OK
328,10.942,60.0,0.0,0.8801,10,-32.31,-7.63,265.3,OK
329,10.975,60.0,0.0,0.8565,10,-29.71,-7.16,250.3,OK
330,11.009,60.0,0.0,0.8565,10,-29.71,-7.16,244.1,HELD (row jump)
331,11.042,60.0,0.0,0.8272,10,-29.28,-6.43,237.3,OK
332,11.075,60.0,0.0,0.807,10,-29.58,-5.99,232.9,OK
333,11.109,60.0,0.0,0.807,10,-29.58,-5.99,214.9,HELD (row jump)
334,11.142,60.0,0.0,0.807,10,-29.58,-5.99,224.6,HELD (row jump)
335,11.176,60.0,0.0,0.792,10,-30.29,-5.69,210.4,OK
336,11.209,60.0,0.0,0.7825,10,-30.77,-5.48,224.1,OK
337,11.242,60.0,0.0,0.7767,10,-31.12,-5.38,234.5,OK
338,11.276,60.0,0.0,0.7753,10,-31.6,-5.36,233.2,OK
339,11.309,60.0,0.0,0.7808,10,-32.54,-5.37,201.3,OK
340,11.342,60.0,0.0,0.7815,10,-33.58,-5.56,225.8,OK
341,11.376,60.0,0.0,0.7778,10,-33.83,-5.65,258.8,OK
342,11.409,60.0,0.0,0.7866,11,-33.76,-5.93,262.6,OK
343,11.442,60.0,0.0,0.8069,10,-33.75,-6.08,272.0,OK
344,11.476,60.0,0.0,0.8224,10,-35.42,-6.49,278.9,OK
345,11.509,60.0,0.0,0.8407,10,-36.62,-6.68,304.4,OK
346,11.542,60.0,0.0,0.8601,9,-36.09,-7.03,295.9,OK
347,11.576,60.0,0.0,0.8804,8,-38.97,-7.3,345.3,OK
348,11.609,60.0,0.0,0.9069,8,-39.26,-7.47,202.4,OK
349,11.643,60.0,0.0,0.9237,8,-36.0,-8.42,226.6,OK
350,11.676,60.0,0.0,0.9348,8,-33.88,-9.03,222.0,OK
351,11.709,60.0,0.0,0.9427,8,-32.54,-9.44,230.6,OK
352,11.743,60.0,0.0,0.9522,8,-31.2,-9.77,244.1,OK
353,11.776,60.0,0.0,0.9618,8,-30.13,-9.94,250.0,OK
354,11.809,60.0,0.0,0.9727,8,-29.06,-10.05,264.2,OK
355,11.843,60.0,0.0,0.9854,7,-27.99,-10.06,270.7,OK
356,11.876,60.0,0.0,1.0019,7,-27.38,-9.92,264.9,OK
357,11.909,60.0,0.0,1.0198,8,-27.57,-9.59,258.3,OK
358,11.943,60.0,0.0,1.0363,8,-28.0,-9.26,264.3,OK
359,11.976,60.0,0.0,1.0538,8,-28.7,-8.85,274.7,OK
360,12.01,60.0,0.0,1.0614,8,-28.62,-8.86,271.0,OK
361,12.043,60.0,0.0,1.0742,8,-27.93,-8.94,290.0,OK
362,12.076,60.0,0.0,1.0905,8,-26.96,-9.01,297.5,OK
363,12.11,60.0,0.0,1.1149,7,-25.85,-8.93,294.2,OK
364,12.143,60.0,0.0,1.1533,7,-23.73,-8.88,310.7,OK
365,12.176,60.0,0.0,1.1899,7,-21.68,-8.8,319.0,OK
366,12.21,60.0,0.0,1.2208,7,-19.33,-8.88,344.2,OK
367,12.243,60.0,0.0,1.2389,7,-22.94,-7.43,317.0,OK
368,12.276,60.0,0.0,1.256,7,-23.94,-6.85,339.0,OK
369,12.31,60.0,0.0,1.274,7,-24.43,-6.59,363.9,OK
370,12.343,60.0,0.0,1.2856,7,-24.65,-6.63,390.5,OK
371,12.376,60.0,0.0,1.2892,7,-26.3,-6.48,326.0,OK
372,12.41,60.0,0.0,1.2892,7,-28.25,-6.36,368.6,OK
373,12.443,60.0,0.0,1.2934,7,-29.6,-6.4,365.9,OK
374,12.477,60.0,0.0,1.3038,6,-31.22,-6.44,359.9,OK
375,12.51,60.0,0.0,1.3188,6,-31.63,-6.43,372.8,OK
376,12.543,60.0,0.0,1.3396,5,-32.07,-6.2,351.6,OK
377,12.577,60.0,0.0,1.3772,5,-32.77,-5.4,267.4,OK
378,12.61,60.0,0.0,1.4187,5,-35.77,-4.1,279.7,OK
379,12.643,60.0,0.0,1.4631,5,-40.05,-2.67,309.8,OK
380,12.677,60.0,0.0,1.5094,5,-43.42,-1.73,311.2,OK
381,12.71,60.0,0.0,1.5266,5,-46.36,-1.13,308.0,OK
382,12.743,60.0,0.0,1.5186,5,-45.71,-1.66,323.1,OK
383,12.777,60.0,0.0,1.5091,5,-44.74,-2.33,309.1,OK
384,12.81,60.0,0.0,1.5144,5,-45.86,-2.31,315.6,OK
385,12.844,60.0,0.0,1.5018,5,-45.52,-3.02,304.6,OK
386,12.877,60.0,0.0,1.4815,5,-44.57,-3.99,322.6,OK
387,12.91,60.0,0.0,1.4509,5,-38.84,-5.34,338.9,OK
388,12.944,60.0,0.0,1.4278,5,-34.13,-6.47,333.5,OK
389,12.977,60.0,0.0,1.4134,5,-30.86,-7.22,359.8,OK
390,13.01,60.0,0.0,1.4003,5,-28.06,-7.8,364.8,OK
391,13.044,60.0,0.0,1.3887,5,-25.54,-8.24,392.1,OK
392,13.077,60.0,0.0,1.3805,5,-23.58,-8.43,383.7,OK
393,13.11,60.0,0.0,1.3767,5,-22.38,-8.28,352.7,OK
394,13.144,60.0,0.0,1.3771,5,-20.97,-7.98,327.2,OK
395,13.177,60.0,0.0,1.3811,5,-19.86,-7.51,346.7,OK
396,13.21,60.0,0.0,1.3864,5,-18.7,-7.01,323.6,OK
397,13.244,60.0,0.0,1.3949,6,-17.95,-6.46,330.0,OK
398,13.277,60.0,0.0,1.4022,6,-17.08,-6.14,357.9,OK
399,13.311,60.0,0.0,1.4098,5,-16.32,-5.93,375.3,OK
400,13.344,60.0,0.0,1.4199,5,-15.97,-5.77,377.2,OK
401,13.377,60.0,0.0,1.4348,5,-16.78,-5.46,374.5,OK
402,13.411,60.0,0.0,1.4431,5,-17.76,-5.25,369.8,OK
403,13.444,60.0,0.0,1.4335,5,-16.93,-5.75,341.1,OK
404,13.477,60.0,0.0,1.4088,6,-16.04,-6.33,378.8,OK
405,13.511,60.0,0.0,1.3955,5,-15.31,-6.68,405.1,OK
406,13.544,60.0,0.0,1.399,6,-14.76,-6.31,239.6,OK
407,13.577,60.0,0.0,1.3892,6,-13.88,-6.24,292.6,OK
408,13.611,60.0,0.0,1.3729,7,-12.94,-6.32,345.1,OK
409,13.644,60.0,0.0,1.3579,7,-13.08,-6.19,328.0,OK
410,13.677,60.0,0.0,1.3414,7,-13.47,-6.11,319.5,OK
411,13.711,60.0,0.0,1.327,7,-14.7,-5.75,311.7,OK
412,13.744,60.0,0.0,1.3128,7,-16.25,-5.29,314.6,OK
413,13.778,60.0,0.0,1.316,7,-12.56,-6.23,328.6,OK
414,13.811,60.0,0.0,1.308,7,-11.45,-6.57,374.5,OK
415,13.844,60.0,0.0,1.2929,7,-11.96,-6.55,418.8,OK
416,13.878,60.0,0.0,1.2786,7,-13.07,-6.4,433.1,OK
417,13.911,60.0,0.0,1.2676,7,-14.6,-6.22,462.2,OK
418,13.944,60.0,0.0,1.259,7,-16.52,-6.0,470.7,OK
419,13.978,60.0,0.0,1.2502,7,-18.94,-5.72,452.8,OK
420,14.011,60.0,0.0,1.2416,7,-12.67,-5.42,472.4,OK
421,14.044,60.0,0.0,1.2307,7,-18.61,-5.0,534.4,OK
422,14.078,60.0,0.0,1.2196,7,-23.43,-4.51,508.0,OK
423,14.111,60.0,0.0,1.2083,7,-26.6,-4.07,533.0,OK
424,14.145,60.0,0.0,1.1919,7,-28.12,-3.75,527.3,OK
425,14.178,60.0,0.0,1.1712,7,-28.34,-3.59,495.1,OK
426,14.211,60.0,0.0,1.1582,7,-28.51,-3.48,492.1,OK
427,14.245,60.0,0.0,1.1535,7,-29.06,-3.4,533.8,OK
428,14.278,60.0,0.0,1.1487,7,-29.75,-3.44,538.9,OK
429,14.311,60.0,0.0,1.1478,7,-31.08,-3.44,436.0,OK
430,14.345,60.0,0.0,1.1533,8,-32.51,-3.49,483.2,OK
431,14.378,60.0,0.0,1.1612,7,-34.23,-3.5,470.6,OK
432,14.411,60.0,0.0,1.1682,7,-31.68,-3.51,437.8,OK
433,14.445,60.0,0.0,1.1756,7,-30.02,-3.55,495.1,OK
434,14.478,60.0,0.0,1.1817,7,-29.64,-3.63,502.9,OK
435,14.511,60.0,0.0,1.1855,7,-25.91,-3.38,308.4,OK
436,14.545,60.0,0.0,1.1886,7,-32.99,-3.27,343.8,OK
437,14.578,60.0,0.0,1.1926,7,-37.95,-3.18,342.3,OK
438,14.612,60.0,0.0,1.1974,7,-41.24,-3.16,332.8,OK
439,14.645,60.0,0.0,1.1989,7,-43.33,-3.15,364.6,OK
440,14.678,60.0,0.0,1.1964,7,-44.77,-3.15,371.1,OK
441,14.712,60.0,0.0,1.1918,7,-36.44,-3.07,337.0,OK
442,14.745,60.0,0.0,1.1891,7,-41.0,-2.98,377.1,OK
443,14.778,60.0,0.0,1.1919,7,-44.23,-2.94,421.4,OK
444,14.812,60.0,0.0,1.1948,7,-46.61,-2.98,439.5,OK
445,14.845,60.0,0.0,1.1925,7,-48.4,-3.13,450.7,OK
446,14.878,60.0,0.0,1.1871,7,-49.83,-3.29,392.5,OK
447,14.912,60.0,0.0,1.1825,7,-51.47,-3.43,401.8,OK
448,14.945,60.0,0.0,1.1787,7,-53.21,-3.57,400.3,OK
449,14.979,60.0,0.0,1.1787,7,-54.85,-3.68,428.6,OK
450,15.012,60.0,0.0,1.1831,7,-56.47,-3.77,392.2,OK
451,15.045,60.0,0.0,1.1921,7,-57.01,-3.85,408.4,OK
452,15.079,60.0,0.0,1.2008,7,-57.65,-3.9,357.4,OK
453,15.112,60.0,0.0,1.2028,7,-58.41,-3.98,384.4,OK
454,15.145,60.0,0.0,1.2028,7,-58.41,-3.98,422.4,HELD (row jump)
455,15.179,60.0,0.0,1.2028,7,-58.41,-3.98,441.3,HELD (row jump)
456,15.212,60.0,0.0,1.2028,7,-58.41,-3.98,392.5,HELD (row jump)
457,15.245,60.0,0.0,1.2028,7,-58.41,-3.98,362.1,HELD (row jump)
458,15.279,60.0,0.0,1.2031,7,58.39,-4.83,399.8,RELOCK
459,15.312,60.0,0.0,1.2068,7,58.34,-4.95,404.8,OK
460,15.345,60.0,0.0,1.2014,7,57.99,-5.19,382.9,OK
461,15.379,60.0,0.0,1.2014,8,57.99,-5.19,333.1,HELD (row jump)
462,15.412,60.0,0.0,1.2014,8,57.99,-5.19,303.9,HELD (row jump)
463,15.446,60.0,0.0,1.2014,8,57.99,-5.19,320.5,HELD (row jump)
464,15.479,60.0,0.0,1.1711,8,56.11,-5.81,248.7,OK
465,15.512,60.0,0.0,1.1711,8,56.11,-5.81,257.8,HELD (row jump)
466,15.546,60.0,0.0,1.1711,8,56.11,-5.81,264.3,HELD (row jump)
467,15.579,60.0,0.0,1.1711,8,56.11,-5.81,266.1,HELD (row jump)
468,15.612,60.0,0.0,1.1711,8,56.11,-5.81,272.3,HELD (row jump)
469,15.646,60.0,0.0,1.0126,9,-46.2,-9.0,298.5,RELOCK
470,15.679,60.0,0.0,1.0106,9,-46.53,-9.04,302.5,OK
471,15.712,60.0,0.0,1.0101,8,-46.98,-9.18,305.4,OK
472,15.746,60.0,0.0,1.0101,8,-47.57,-9.31,300.8,OK
473,15.779,60.0,0.0,1.0108,8,-47.98,-9.4,300.8,OK
474,15.813,60.0,0.0,1.0135,8,-48.0,-9.54,306.2,OK
475,15.846,60.0,0.0,1.0228,8,-47.39,-9.74,268.7,OK
476,15.879,60.0,0.0,1.0285,8,-46.97,-9.87,273.5,OK
477,15.913,60.0,0.0,1.0288,8,-46.57,-9.92,283.8,OK
478,15.946,60.0,0.0,1.0298,8,-46.05,-9.9,268.5,OK
479,15.979,60.0,0.0,1.0409,8,-45.4,-9.88,283.2,OK
480,16.013,60.0,0.0,1.0628,8,-47.66,-9.09,272.2,OK
481,16.046,60.0,0.0,1.0601,8,-46.29,-9.38,297.1,OK
482,16.079,60.0,0.0,1.0566,8,-45.22,-9.61,311.1,OK
483,16.113,60.0,0.0,1.0514,8,-44.48,-9.75,295.9,OK
484,16.146,60.0,0.0,1.0402,8,-44.18,-9.81,265.2,OK
485,16.179,60.0,0.0,1.0332,8,-44.06,-9.83,264.6,OK
486,16.213,60.0,0.0,1.0335,8,-43.95,-9.96,288.0,OK
487,16.246,60.0,0.0,1.0382,8,-41.31,-10.02,239.0,OK
488,16.28,60.0,0.0,1.0457,8,-42.79,-10.32,262.1,OK
489,16.313,60.0,0.0,1.061,8,-44.31,-10.61,233.3,OK
490,16.346,60.0,0.0,1.074,8,-47.96,-10.23,260.6,OK
491,16.38,60.0,0.0,1.0909,8,-50.64,-9.97,267.3,OK
492,16.413,60.0,0.0,1.1071,7,-51.37,-10.08,288.3,OK
493,16.446,60.0,0.0,1.1311,6,-53.34,-9.64,196.5,OK
494,16.48,60.0,0.0,1.1554,6,-54.26,-9.38,214.3,OK
495,16.513,60.0,0.0,1.1842,6,-54.9,-9.15,207.6,OK
496,16.546,60.0,0.0,1.205,6,-54.28,-9.19,251.2,OK
497,16.58,60.0,0.0,1.228,6,-53.35,-9.35,260.4,OK
498,16.613,60.0,0.0,1.228,6,-53.35,-9.35,263.4,HELD (row jump)
499,16.647,60.0,0.0,1.228,6,-53.35,-9.35,246.9,HELD (row jump)
500,16.68,60.0,0.0,1.228,6,-53.35,-9.35,294.6,HELD (row jump)
501,16.713,60.0,0.0,1.2614,6,-57.55,-8.54,324.1,OK
502,16.747,60.0,0.0,1.288,6,-59.27,-8.24,348.2,OK
503,16.78,60.0,0.0,1.3107,5,-60.11,-8.04,371.1,OK
504,16.813,60.0,0.0,1.3307,5,-61.22,-7.73,301.6,OK
505,16.847,60.0,0.0,1.3491,5,-62.21,-7.4,319.5,OK
506,16.88,60.0,0.0,1.3668,5,-62.7,-7.21,298.2,OK
507,16.913,60.0,0.0,1.3897,5,-64.53,-6.76,316.2,OK
508,16.947,60.0,0.0,1.4141,5,-67.13,-6.18,333.9,OK
509,16.98,60.0,0.0,1.4141,5,-67.13,-6.18,320.5,HELD (row jump)
510,17.013,60.0,0.0,1.4141,6,-67.13,-6.18,310.8,HELD (row jump)
511,17.047,60.0,0.0,1.4141,5,-67.13,-6.18,305.1,HELD (row jump)
512,17.08,60.0,0.0,1.4141,5,-67.13,-6.18,284.2,HELD (row jump)
513,17.114,60.0,0.0,1.4141,7,-67.13,-6.18,259.2,HELD (heading jump)
514,17.147,60.0,0.0,1.4141,6,-67.13,-6.18,254.8,HELD (heading jump)
515,17.18,60.0,0.0,1.4141,6,-67.13,-6.18,286.1,HELD (heading jump)
516,17.214,60.0,0.0,1.4141,6,-67.13,-6.18,278.2,HELD (heading jump)
517,17.247,60.0,0.0,1.4141,6,-67.13,-6.18,277.2,HELD (heading jump)
518,17.28,60.0,0.0,1.2877,6,-25.38,-19.18,314.2,RELOCK
519,17.314,60.0,0.0,1.2877,6,-24.76,-19.18,286.0,OK
520,17.347,60.0,0.0,1.2877,6,-24.36,-19.18,261.7,OK
521,17.38,60.0,0.0,1.2877,6,-23.44,-19.18,289.4,OK
522,17.414,60.0,0.0,1.2877,7,-23.44,-19.18,192.7,HELD (heading jump)
523,17.447,60.0,0.0,1.2877,6,-20.19,-19.18,199.0,OK
524,17.481,60.0,0.0,1.2877,6,-18.08,-19.18,214.0,OK
525,17.514,60.0,0.0,1.2877,6,-16.05,-19.18,217.7,OK
526,17.547,60.0,0.0,1.2877,6,-14.73,-19.18,218.0,OK
527,17.581,60.0,0.0,1.2877,6,-13.21,-19.18,223.8,OK
528,17.614,60.0,0.0,1.2877,6,-12.22,-19.18,234.9,OK
529,17.647,60.0,0.0,1.2877,6,-11.58,-19.18,247.8,OK
530,17.681,60.0,0.0,1.2877,6,-11.16,-19.18,233.9,OK
531,17.714,60.0,0.0,1.2877,6,-10.23,-19.18,238.1,OK
532,17.747,60.0,0.0,1.2877,6,-8.3,-19.18,271.2,OK
533,17.781,60.0,0.0,1.2877,6,-6.39,-19.18,275.5,OK
534,17.814,60.0,0.0,1.2877,6,-4.48,-19.18,263.7,OK
535,17.847,60.0,0.0,1.2877,6,-2.58,-19.18,302.2,OK
536,17.881,60.0,0.0,1.2877,5,-2.58,-19.18,300.0,HELD (heading jump)
537,17.914,60.0,0.0,1.2877,5,-2.58,-19.18,338.5,HELD (heading jump)
538,17.948,60.0,0.0,1.2877,5,-2.58,-19.18,341.2,HELD (heading jump)
539,17.981,60.0,0.0,1.2877,5,-2.58,-19.18,341.1,HELD (heading jump)
540,18.014,60.0,0.0,1.3938,5,-10.44,-9.03,349.6,RELOCK
541,18.048,60.0,0.0,1.3727,7,-12.47,-8.17,344.9,OK
542,18.081,60.0,0.0,1.361,7,-14.91,-7.13,309.6,OK
543,18.114,60.0,0.0,1.3493,7,-17.08,-6.24,337.0,OK
544,18.148,60.0,0.0,1.3138,7,-12.05,-7.75,345.0,OK
545,18.181,60.0,0.0,1.28,7,-9.1,-8.64,298.2,OK
546,18.214,60.0,0.0,1.2698,7,-6.51,-9.02,285.0,OK
547,18.248,60.0,0.0,1.2643,7,-5.37,-9.01,277.7,OK
548,18.281,60.0,0.0,1.2561,7,-4.97,-8.92,299.1,OK
549,18.314,60.0,0.0,1.2416,7,-5.65,-8.68,266.3,OK
550,18.348,60.0,0.0,1.2416,7,-5.65,-8.68,282.7,HELD (heading jump)
551,18.381,60.0,0.0,1.1848,7,-14.21,-7.46,246.8,OK
552,18.415,60.0,0.0,1.1676,7,-18.29,-6.38,260.7,OK
553,18.448,60.0,0.0,1.1545,7,-20.05,-5.86,249.0,OK
554,18.481,60.0,0.0,1.1431,7,-21.78,-5.38,265.7,OK
555,18.515,60.0,0.0,1.1321,7,-23.15,-4.9,267.5,OK
556,18.548,60.0,0.0,1.1059,7,-22.44,-5.06,266.5,OK
557,18.581,60.0,0.0,1.0716,8,-21.86,-5.16,283.9,OK
558,18.615,60.0,0.0,1.026,9,-21.76,-5.14,284.2,OK
559,18.648,60.0,0.0,0.9739,10,-27.04,-5.23,237.9,OK
560,18.681,60.0,0.0,0.923,9,-26.85,-4.86,225.7,OK
561,18.715,60.0,0.0,0.8677,11,-28.54,-4.22,165.1,OK
562,18.748,60.0,0.0,0.8225,12,-30.78,-3.57,129.1,OK
563,18.782,60.0,0.0,0.7776,11,-31.37,-2.46,100.3,OK
564,18.815,60.0,0.0,0.7776,13,-31.37,-2.46,80.5,HELD (row jump)
565,18.848,60.0,0.0,0.7776,13,-31.37,-2.46,78.8,HELD (row jump)
566,18.882,60.0,0.0,0.7776,5,-31.37,-2.46,77.0,HELD (row jump)
567,18.915,60.0,0.0,0.7776,7,-31.37,-2.46,55.3,HELD (row jump)
568,18.948,60.0,0.0,0.7776,7,-31.37,-2.46,64.1,HELD (row jump)
569,18.982,60.0,0.0,0.7776,14,-31.37,-2.46,62.8,HELD (row jump)
570,19.015,60.0,0.0,0.7776,6,-31.37,-2.46,55.6,HELD (row jump)
571,19.048,60.0,0.0,0.7776,12,-31.37,-2.46,43.8,HELD (row jump)
572,19.082,60.0,0.0,0.7776,12,-31.37,-2.46,51.8,HELD (row jump)
573,19.115,60.0,0.0,0.7776,12,-31.37,-2.46,55.6,HELD (row jump)
574,19.148,60.0,0.0,0.7776,13,-31.37,-2.46,53.5,HELD (row jump)
575,19.182,60.0,0.0,0.7776,14,-31.37,-2.46,57.2,HELD (row jump)
576,19.215,60.0,0.0,0.6209,13,16.13,-1.01,57.9,RELOCK
577,19.249,60.0,0.0,0.6209,5,16.13,-1.01,42.0,HELD (row jump)
578,19.282,60.0,0.0,0.6209,5,16.13,-1.01,42.1,HELD (row jump)
579,19.315,60.0,0.0,0.6209,10,16.13,-1.01,38.4,HELD (row jump)
580,19.349,60.0,0.0,0.6209,15,16.13,-1.01,49.1,HELD (row jump)
581,19.382,60.0,0.0,0.6209,15,16.13,-1.01,50.7,HELD (row jump)
582,19.415,60.0,0.0,0.6209,14,16.13,-1.01,54.4,HELD (row jump)
583,19.449,60.0,0.0,0.597,14,19.86,0.4,56.1,OK
584,19.482,60.0,0.0,0.5829,14,22.43,1.28,61.9,OK
585,19.515,60.0,0.0,0.5702,14,22.06,2.59,56.7,OK
586,19.549,60.0,0.0,0.576,14,24.56,2.75,68.5,OK
587,19.582,60.0,0.0,0.576,14,24.56,2.75,71.0,HELD (row jump)
588,19.616,60.0,0.0,0.576,13,24.56,2.75,70.9,HELD (row jump)
589,19.649,60.0,0.0,0.576,12,24.56,2.75,68.5,HELD (row jump)
590,19.682,60.0,0.0,0.576,13,24.56,2.75,71.7,HELD (row jump)
591,19.716,60.0,0.0,0.576,7,24.56,2.75,72.5,HELD (spacing jump)
592,19.749,60.0,0.0,0.576,6,24.56,2.75,74.7,HELD (spacing jump)
593,19.782,60.0,0.0,0.576,12,24.56,2.75,75.2,HELD (row jump)
594,19.816,60.0,0.0,0.576,11,24.56,2.75,82.2,HELD (row jump)
595,19.849,60.0,0.0,0.576,11,24.56,2.75,87.7,HELD (row jump)
596,19.882,60.0,0.0,0.576,11,24.56,2.75,84.1,HELD (row jump)
597,19.916,60.0,0.0,0.7179,11,-20.37,-1.66,103.5,RELOCK
598,19.949,60.0,0.0,0.728,10,-20.39,-1.78,116.2,OK
599,19.982,60.0,0.0,0.7419,11,-20.56,-1.82,121.5,OK
600,20.016,60.0,0.0,0.7581,11,-20.71,-1.83,133.9,OK
601,20.049,60.0,0.0,0.7749,11,-21.28,-1.84,147.3,OK
602,20.083,60.0,0.0,0.7917,10,-22.14,-1.74,145.3,OK
603,20.116,60.0,0.0,0.8041,10,-23.51,-1.65,148.8,OK
604,20.149,60.0,0.0,0.8138,9,-24.03,-1.54,163.7,OK
605,20.183,60.0,0.0,0.827,9,-24.37,-1.57,167.5,OK
606,20.216,60.0,0.0,0.8395,9,-25.34,-1.36,171.8,OK
607,20.249,60.0,0.0,0.8482,9,-25.33,-1.17,179.0,OK
608,20.283,60.0,0.0,0.8438,10,-23.89,-1.15,163.4,OK
609,20.316,60.0,0.0,0.8322,11,-22.7,-0.68,134.7,OK
610,20.349,60.0,0.0,0.8263,11,-21.06,-0.29,138.1,OK
611,20.383,60.0,0.0,0.8203,11,-18.98,-0.04,133.5,OK
612,20.416,60.0,0.0,0.8119,10,-17.05,0.25,125.2,OK
613,20.45,60.0,0.0,0.8041,10,-15.3,0.52,122.8,OK
614,20.483,60.0,0.0,0.801,10,-13.51,0.67,132.7,OK
615,20.516,60.0,0.0,0.7991,10,-11.75,0.81,130.3,OK
616,20.55,60.0,0.0,0.7969,10,-10.52,1.07,121.1,OK
617,20.583,60.0,0.0,0.7939,10,-9.28,1.39,121.7,OK
618,20.616,60.0,0.0,0.7925,10,-8.1,1.69,130.8,OK
619,20.65,60.0,0.0,0.7906,10,-6.91,2.0,128.3,OK
620,20.683,60.0,0.0,0.7865,10,-5.96,2.33,125.3,OK
621,20.716,60.0,0.0,0.7847,10,-4.78,2.6,125.8,OK
622,20.75,60.0,0.0,0.7877,10,-3.37,2.65,142.8,OK
623,20.783,60.0,0.0,0.7895,10,-2.13,2.83,134.1,OK
624,20.816,60.0,0.0,0.7861,11,-0.84,2.94,112.8,OK
625,20.85,60.0,0.0,0.7867,11,0.34,3.07,113.5,OK
626,20.883,60.0,0.0,0.7869,11,1.19,3.15,110.3,OK
627,20.917,60.0,0.0,0.7847,11,1.41,3.25,117.3,OK
628,20.95,60.0,0.0,0.7831,11,1.3,3.18,128.3,OK
629,20.983,60.0,0.0,0.7823,10,0.76,3.04,133.7,OK
630,21.017,60.0,0.0,0.7796,10,-0.0,2.76,129.4,OK
631,21.05,60.0,0.0,0.7753,10,-0.94,2.38,130.2,OK
632,21.083,60.0,0.0,0.7719,10,-1.88,1.96,130.8,OK
633,21.117,60.0,0.0,0.7693,10,-3.03,1.62,128.2,OK
634,21.15,60.0,0.0,0.7675,10,-4.31,1.33,128.2,OK
635,21.183,60.0,0.0,0.7664,10,-5.66,1.07,129.6,OK
636,21.217,60.0,0.0,0.7634,10,-6.96,0.87,123.5,OK
637,21.25,60.0,0.0,0.759,10,-7.97,0.68,123.6,OK
638,21.284,60.0,0.0,0.7427,12,-9.8,0.9,80.4,OK
639,21.317,60.0,0.0,0.733,12,-11.53,0.99,82.8,OK
640,21.35,60.0,0.0,0.7245,12,-13.1,0.97,86.9,OK
641,21.384,60.0,0.0,0.7169,12,-14.67,0.9,84.3,OK
642,21.417,60.0,0.0,0.7069,12,-15.56,0.72,81.7,OK
643,21.45,60.0,0.0,0.6986,12,-16.29,0.59,82.5,OK
644,21.484,60.0,0.0,0.6986,7,-16.29,0.59,66.7,HELD (spacing jump)
645,21.517,60.0,0.0,0.6986,7,-16.29,0.59,67.1,HELD (spacing jump)
646,21.55,60.0,0.0,0.6986,7,-16.29,0.59,71.4,HELD (spacing jump)
647,21.584,60.0,0.0,0.6986,7,-16.29,0.59,72.2,HELD (row jump)
648,21.617,60.0,0.0,0.6986,7,-16.29,0.59,77.2,HELD (row jump)
649,21.65,60.0,0.0,0.6986,7,-16.29,0.59,69.7,HELD (row jump)
650,21.684,60.0,0.0,0.6986,7,-16.29,0.59,84.9,HELD (spacing jump)
651,21.717,60.0,0.0,0.6986,7,-16.29,0.59,85.9,HELD (spacing jump)
652,21.751,60.0,0.0,0.6986,7,-16.29,0.59,83.8,HELD (row jump)
653,21.784,60.0,0.0,0.6923,12,-11.0,0.62,71.2,OK
654,21.817,60.0,0.0,0.6924,12,-7.61,0.67,76.1,OK
655,21.851,60.0,0.0,0.6958,12,-5.89,0.94,82.7,OK
656,21.884,60.0,0.0,0.7038,12,-4.24,1.04,85.2,OK
657,21.917,60.0,0.0,0.7148,12,-3.18,1.14,97.1,OK
658,21.951,60.0,0.0,0.7281,11,-2.6,1.25,93.6,OK
659,21.984,60.0,0.0,0.7445,10,-3.44,1.49,91.4,OK
660,22.017,60.0,0.0,0.7647,10,-3.26,1.49,98.7,OK
661,22.051,60.0,0.0,0.7824,10,-6.66,1.42,116.9,OK
662,22.084,60.0,0.0,0.7932,10,-9.58,1.28,124.5,OK
663,22.118,60.0,0.0,0.8029,10,-11.48,1.08,133.2,OK
664,22.151,60.0,0.0,0.8214,10,-7.11,0.87,128.5,OK
665,22.184,60.0,0.0,0.8394,10,-7.11,0.71,151.9,OK
666,22.218,60.0,0.0,0.8518,10,-6.93,0.51,151.6,OK
667,22.251,60.0,0.0,0.8545,10,-6.01,-0.0,117.1,OK
668,22.284,60.0,0.0,0.8595,10,-5.14,-0.46,127.2,OK
669,22.318,60.0,0.0,0.8722,9,-3.95,-0.96,141.5,OK
670,22.351,60.0,0.0,0.8949,8,-5.02,-1.55,144.0,OK
671,22.384,60.0,0.0,0.9251,8,-2.66,-1.73,177.8,OK
672,22.418,60.0,0.0,0.9522,9,-1.25,-1.8,206.9,OK
673,22.451,60.0,0.0,0.976,9,-3.96,-1.86,230.7,OK
674,22.484,60.0,0.0,0.9944,8,-3.61,-1.69,249.2,OK
675,22.518,60.0,0.0,1.0081,8,-3.95,-1.53,278.7,OK
676,22.551,60.0,0.0,1.0207,8,-4.74,-1.39,295.0,OK
677,22.585,60.0,0.0,1.0332,8,-5.58,-1.34,286.1,OK
678,22.618,60.0,0.0,1.0446,8,-6.72,-1.14,225.4,OK
679,22.651,60.0,0.0,1.0461,8,-7.04,-1.13,233.1,OK
680,22.685,60.0,0.0,1.0436,8,-6.76,-1.24,252.4,OK
681,22.718,60.0,0.0,1.039,8,-9.64,-1.41,269.9,OK
682,22.751,60.0,0.0,1.0361,8,-8.74,-1.51,251.3,OK
683,22.785,60.0,0.0,1.0388,8,-8.14,-1.57,257.3,OK
684,22.818,60.0,0.0,1.0443,8,-7.88,-1.62,278.9,OK
685,22.851,60.0,0.0,1.0518,8,-7.94,-1.72,281.1,OK
686,22.885,60.0,0.0,1.0629,8,-11.81,-1.81,305.4,OK
687,22.918,60.0,0.0,1.0707,8,-14.32,-1.89,298.3,OK
688,22.952,60.0,0.0,1.0776,8,-15.95,-2.06,314.4,OK
689,22.985,60.0,0.0,1.0905,8,-13.3,-1.87,264.6,OK
690,23.018,60.0,0.0,1.0952,7,-12.52,-1.95,268.7,OK
691,23.052,60.0,0.0,1.1026,7,-12.97,-1.97,326.2,OK
692,23.085,60.0,0.0,1.1087,7,-13.94,-2.04,302.7,OK
693,23.118,60.0,0.0,1.1128,7,-16.13,-2.04,264.0,OK
694,23.152,60.0,0.0,1.1193,7,-17.88,-2.27,273.1,OK
695,23.185,60.0,0.0,1.1273,7,-19.84,-2.42,309.0,OK
696,23.218,60.0,0.0,1.1188,7,-21.48,-2.86,211.4,OK
697,23.252,60.0,0.0,1.1071,7,-22.36,-3.27,226.5,OK
698,23.285,60.0,0.0,1.0968,7,-23.02,-3.57,238.2,OK
699,23.318,60.0,0.0,1.0919,7,-23.74,-3.86,248.4,OK
700,23.352,60.0,0.0,1.0868,7,-24.73,-4.15,256.9,OK
701,23.385,60.0,0.0,1.0802,7,-26.37,-4.44,255.8,OK
702,23.419,60.0,0.0,1.0703,7,-28.92,-4.6,248.2,OK
703,23.452,60.0,0.0,1.0588,7,-32.22,-4.61,244.4,OK
704,23.485,60.0,0.0,1.0453,8,-36.11,-4.42,247.8,OK
705,23.519,60.0,0.0,1.0317,8,-39.77,-4.1,245.4,OK
706,23.552,60.0,0.0,1.0211,8,-39.48,-3.87,240.5,OK
707,23.585,60.0,0.0,1.0158,8,-42.63,-3.79,260.6,OK
708,23.619,60.0,0.0,1.0149,8,-44.68,-3.85,260.7,OK
709,23.652,60.0,0.0,1.0144,8,-46.13,-3.86,266.6,OK
710,23.685,60.0,0.0,1.0176,7,-46.71,-3.96,268.0,OK
711,23.719,60.0,0.0,1.0236,7,-46.31,-4.26,265.6,OK
712,23.752,60.0,0.0,1.03,7,-45.75,-4.49,270.6,OK
713,23.785,60.0,0.0,1.0382,7,-44.95,-4.72,271.5,OK
714,23.819,60.0,0.0,1.0464,7,-43.99,-4.96,251.9,OK
715,23.852,60.0,0.0,1.0549,7,-43.07,-5.15,260.5,OK
716,23.886,60.0,0.0,1.0595,7,-42.07,-5.12,258.8,OK
717,23.919,60.0,0.0,1.0571,7,-40.96,-4.79,230.6,OK
718,23.952,60.0,0.0,1.0452,7,-36.77,-4.11,223.0,OK
719,23.986,60.0,0.0,1.0338,9,-33.35,-3.43,255.8,OK
720,24.019,60.0,0.0,1.0305,8,-30.43,-3.01,272.2,OK
721,24.052,60.0,0.0,1.0291,8,-28.52,-2.73,273.9,OK
722,24.086,60.0,0.0,1.028,8,-27.28,-2.52,279.0,OK
723,24.119,60.0,0.0,1.0298,7,-26.48,-2.44,294.8,OK
724,24.152,60.0,0.0,1.0387,7,-25.25,-2.52,273.0,OK
725,24.186,60.0,0.0,1.0656,7,-21.64,-3.41,177.2,OK
726,24.219,60.0,0.0,1.0811,7,-18.73,-3.78,182.2,OK
727,24.253,60.0,0.0,1.0922,7,-16.55,-3.85,191.0,OK
728,24.286,60.0,0.0,1.1046,7,-14.74,-3.82,227.1,OK
729,24.319,60.0,0.0,1.115,7,-13.11,-3.76,236.8,OK
730,24.353,60.0,0.0,1.1247,7,-11.75,-3.69,222.7,OK
731,24.386,60.0,0.0,1.1345,7,-11.39,-3.59,254.4,OK
732,24.419,60.0,0.0,1.1484,6,-11.54,-3.52,287.0,OK
733,24.453,60.0,0.0,1.1537,7,-12.24,-3.57,291.6,OK
734,24.486,60.0,0.0,1.1548,7,-13.72,-3.71,274.4,OK
735,24.519,60.0,0.0,1.1467,7,-15.46,-4.0,249.7,OK
736,24.553,60.0,0.0,1.1389,7,-17.73,-4.21,238.9,OK
737,24.586,60.0,0.0,1.1339,7,-19.73,-4.36,248.7,OK
738,24.619,60.0,0.0,1.1252,7,-21.15,-4.42,233.2,OK
739,24.653,60.0,0.0,1.1182,7,-22.1,-4.5,233.4,OK
740,24.686,60.0,0.0,1.1216,7,-23.11,-4.61,262.5,OK
741,24.72,60.0,0.0,1.1262,7,-24.11,-4.73,260.4,OK
742,24.753,60.0,0.0,1.1305,7,-25.18,-4.87,264.7,OK
743,24.786,60.0,0.0,1.1383,8,-25.74,-5.06,274.8,OK
744,24.82,60.0,0.0,1.1516,7,-26.02,-5.25,295.5,OK
745,24.853,60.0,0.0,1.1687,7,-25.61,-5.51,305.7,OK
746,24.886,60.0,0.0,1.1813,7,-25.17,-5.59,294.7,OK
747,24.92,60.0,0.0,1.1969,7,-24.21,-5.61,296.4,OK
748,24.953,60.0,0.0,1.23,7,-22.35,-5.92,317.2,OK
749,24.986,60.0,0.0,1.2733,6,-18.58,-6.23,303.1,OK
750,25.02,60.0,0.0,1.3014,6,-15.54,-6.44,274.9,OK
751,25.053,60.0,0.0,1.3195,6,-13.19,-6.64,289.9,OK
752,25.087,60.0,0.0,1.3163,7,-14.54,-4.48,292.2,OK
753,25.12,60.0,0.0,1.3323,6,-19.73,-3.78,313.8,OK
754,25.153,60.0,0.0,1.3283,7,-20.88,-2.46,187.5,OK
755,25.187,60.0,0.0,1.3248,7,-27.3,-1.6,196.1,OK
756,25.22,60.0,0.0,1.3214,7,-30.78,-1.04,202.4,OK
757,25.253,60.0,0.0,1.3263,7,-32.2,-0.68,238.5,OK
758,25.287,60.0,0.0,1.3335,7,-32.1,-0.44,247.7,OK
759,25.32,60.0,0.0,1.3379,7,-31.1,-0.29,236.9,OK
760,25.353,60.0,0.0,1.3504,6,-29.35,-0.19,238.4,OK
761,25.387,60.0,0.0,1.3606,6,-27.58,-0.12,251.3,OK
762,25.42,60.0,0.0,1.3756,6,-25.74,-0.08,276.2,OK
763,25.453,60.0,0.0,1.3908,6,-23.58,-0.05,291.9,OK
764,25.487,60.0,0.0,1.4107,6,-21.08,-0.03,308.4,OK
765,25.52,60.0,0.0,1.4282,6,-14.05,-0.02,317.2,OK
766,25.554,60.0,0.0,1.4505,6,-8.78,-0.01,306.8,OK
767,25.587,60.0,0.0,1.4743,6,-4.66,-0.01,302.2,OK
768,25.62,60.0,0.0,1.4976,6,-1.28,-0.01,296.1,OK
769,25.654,60.0,0.0,1.5196,6,1.62,-0.0,278.4,OK
770,25.687,60.0,0.0,1.5603,5,2.93,-0.0,272.1,OK
771,25.72,60.0,0.0,1.5868,5,4.29,-0.0,317.0,OK
772,25.754,60.0,0.0,1.604,5,5.72,-0.0,313.1,OK
773,25.787,60.0,0.0,1.6152,5,6.59,-0.0,280.0,OK
774,25.82,60.0,0.0,1.6225,5,6.52,-0.0,299.1,OK
775,25.854,60.0,0.0,1.6272,5,5.7,-0.0,300.3,OK
776,25.887,60.0,0.0,1.6272,7,5.7,-0.0,299.6,HELD (heading jump)
777,25.921,60.0,0.0,1.6272,6,5.7,-0.0,287.2,HELD (heading jump)
778,25.954,60.0,0.0,1.6272,6,5.7,-0.0,251.0,HELD (heading jump)
779,25.987,60.0,0.0,1.6272,6,5.7,-0.0,250.7,HELD (heading jump)
780,26.021,60.0,0.0,1.6272,6,5.7,-0.0,244.1,HELD (heading jump)
781,26.054,60.0,0.0,1.2877,6,3.19,-19.18,227.2,RELOCK
782,26.087,60.0,0.0,1.2877,6,3.06,-19.18,191.0,OK
783,26.121,60.0,0.0,1.2877,6,2.98,-19.18,179.1,OK
784,26.154,60.0,0.0,1.2877,6,2.27,-19.18,193.2,OK
785,26.187,60.0,0.0,1.2877,7,2.27,-19.18,211.3,HELD (row jump)
786,26.221,60.0,0.0,1.2877,6,0.48,-19.18,182.3,OK
787,26.254,60.0,0.0,1.2877,6,-0.68,-19.18,178.4,OK
788,26.287,60.0,0.0,1.2877,6,0.55,-19.18,159.4,OK
789,26.321,60.0,0.0,1.2877,6,1.35,-19.18,147.6,OK
790,26.354,60.0,0.0,1.2877,6,-0.11,-19.18,130.2,OK
791,26.388,60.0,0.0,1.2877,8,-0.11,-19.18,139.3,HELD (heading jump)
792,26.421,60.0,0.0,1.2877,8,-0.11,-19.18,136.7,HELD (heading jump)
793,26.454,60.0,0.0,1.2877,8,-0.11,-19.18,149.9,HELD (heading jump)
794,26.488,60.0,0.0,1.2877,8,-0.11,-19.18,152.9,HELD (heading jump)
795,26.521,60.0,0.0,0.9984,8,9.04,1.48,167.0,RELOCK
796,26.554,60.0,0.0,1.0014,8,12.52,1.5,166.9,OK
797,26.588,60.0,0.0,1.0058,8,15.6,1.49,180.8,OK
798,26.621,60.0,0.0,1.0122,7,18.44,1.41,184.3,OK
799,26.654,60.0,0.0,1.0198,7,21.31,1.33,179.2,OK
800,26.688,60.0,0.0,1.0248,7,23.69,1.29,174.6,OK
801,26.721,60.0,0.0,1.0281,7,26.01,1.21,181.8,OK
802,26.755,60.0,0.0,1.0311,7,28.57,0.98,146.1,OK
803,26.788,60.0,0.0,1.0346,7,31.31,0.87,165.0,OK
804,26.821,60.0,0.0,1.0343,7,33.87,0.81,163.3,OK
805,26.855,60.0,0.0,1.0343,6,33.87,0.81,158.0,HELD (heading jump)
806,26.888,60.0,0.0,1.0343,6,33.87,0.81,181.1,HELD (heading jump)
807,26.921,60.0,0.0,1.0343,6,33.87,0.81,201.1,HELD (heading jump)
808,26.955,60.0,0.0,1.0343,6,33.87,0.81,232.4,HELD (row jump)
809,26.988,60.0,0.0,1.0343,6,33.87,0.81,291.7,HELD (row jump)
810,27.021,60.0,0.0,1.0343,6,33.87,0.81,294.8,HELD (row jump)
811,27.055,60.0,0.0,1.0343,6,33.87,0.81,309.5,HELD (row jump)
812,27.088,60.0,0.0,1.0343,7,33.87,0.81,149.9,HELD (heading jump)
813,27.121,60.0,0.0,1.0343,6,33.87,0.81,143.0,HELD (heading jump)
814,27.155,60.0,0.0,1.0343,5,33.87,0.81,157.3,HELD (spacing jump)
815,27.188,60.0,0.0,1.0343,5,33.87,0.81,162.3,HELD (spacing jump)
816,27.222,60.0,0.0,1.0343,6,33.87,0.81,189.2,HELD (row jump)
817,27.255,60.0,0.0,1.0343,6,33.87,0.81,194.3,HELD (row jump)
818,27.288,60.0,0.0,1.0343,7,33.87,0.81,187.5,HELD (row jump)
819,27.322,60.0,0.0,1.0343,6,33.87,0.81,170.4,HELD (spacing jump)
820,27.355,60.0,0.0,1.0343,7,33.87,0.81,191.4,HELD (row jump)
821,27.388,60.0,0.0,1.0343,6,33.87,0.81,241.0,HELD (spacing jump)
822,27.422,60.0,0.0,1.0343,6,33.87,0.81,297.7,HELD (spacing jump)
823,27.455,60.0,0.0,1.0836,6,23.77,0.1,292.9,OK
824,27.488,60.0,0.0,1.1,8,17.63,-0.21,272.0,OK
825,27.522,60.0,0.0,1.0844,8,13.21,-0.17,268.3,OK
826,27.555,60.0,0.0,1.0535,8,10.98,0.06,270.4,OK
827,27.589,60.0,0.0,1.0089,9,8.89,0.71,245.2,OK
828,27.622,60.0,0.0,0.9641,10,8.08,1.46,220.9,OK
829,27.655,60.0,0.0,0.9234,9,8.93,1.99,204.8,OK
830,27.689,60.0,0.0,0.8883,9,7.55,2.38,205.0,OK
831,27.722,60.0,0.0,0.8526,11,10.18,2.67,187.9,OK
832,27.755,60.0,0.0,0.8239,11,13.96,2.6,167.1,OK
833,27.789,60.0,0.0,0.801,11,17.12,2.45,162.4,OK
834,27.822,60.0,0.0,0.7861,11,19.17,2.34,167.7,OK
835,27.855,60.0,0.0,0.7773,11,21.2,2.37,150.9,OK
836,27.889,60.0,0.0,0.767,11,22.53,2.16,167.4,OK
837,27.922,60.0,0.0,0.7568,11,23.31,1.93,162.6,OK
838,27.955,60.0,0.0,0.7498,12,23.9,1.55,182.5,OK
839,27.989,60.0,0.0,0.7435,12,23.69,1.14,182.2,OK
840,28.022,60.0,0.0,0.7352,12,23.06,0.77,172.6,OK
841,28.056,60.0,0.0,0.734,12,21.64,0.69,91.7,OK
842,28.089,60.0,0.0,0.7357,12,20.02,0.56,102.4,OK
843,28.122,60.0,0.0,0.7425,11,18.96,0.7,110.7,OK
844,28.156,60.0,0.0,0.7399,12,17.57,0.5,110.1,OK
845,28.189,60.0,0.0,0.7383,12,15.97,0.31,114.0,OK
846,28.222,60.0,0.0,0.7374,12,12.42,0.12,113.0,OK
847,28.256,60.0,0.0,0.7338,12,9.9,-0.15,117.3,OK
848,28.289,60.0,0.0,0.7315,12,8.33,-0.36,121.6,OK
849,28.322,60.0,0.0,0.7303,12,7.34,-0.51,121.6,OK
850,28.356,60.0,0.0,0.7292,12,6.68,-0.62,122.8,OK
851,28.389,60.0,0.0,0.7268,12,6.27,-0.68,122.0,OK
852,28.423,60.0,0.0,0.7279,12,7.92,-0.79,130.5,OK
853,28.456,60.0,0.0,0.7323,12,9.0,-0.85,141.4,OK
854,28.489,60.0,0.0,0.741,10,9.7,-0.89,140.9,OK
855,28.523,60.0,0.0,0.7522,10,10.15,-0.87,160.6,OK
856,28.556,60.0,0.0,0.763,10,10.45,-0.59,161.0,OK
857,28.589,60.0,0.0,0.7721,10,10.64,-0.36,165.4,OK
858,28.623,60.0,0.0,0.7871,10,10.77,0.02,159.2,OK
859,28.656,60.0,0.0,0.807,10,10.15,0.69,165.2,OK
860,28.689,60.0,0.0,0.8276,10,9.74,1.26,194.3,OK
861,28.723,60.0,0.0,0.8521,10,4.65,1.47,214.0,OK
862,28.756,60.0,0.0,0.8758,9,2.08,1.45,183.5,OK
863,28.789,60.0,0.0,0.9038,8,1.53,1.14,193.5,OK
864,28.823,60.0,0.0,0.9344,8,2.29,0.55,217.7,OK
865,28.856,60.0,0.0,0.9672,8,3.75,-0.17,239.4,OK
866,28.89,60.0,0.0,1.0003,8,6.05,-0.96,232.3,OK
867,28.923,60.0,0.0,1.0355,8,8.58,-1.67,272.7,OK
868,28.956,60.0,0.0,1.0684,8,10.67,-2.17,276.1,OK
869,28.99,60.0,0.0,1.0973,8,11.93,-2.26,325.3,OK
870,29.023,60.0,0.0,1.1254,6,15.51,-2.62,176.4,OK
871,29.056,60.0,0.0,1.1494,6,17.43,-2.5,210.1,OK
872,29.09,60.0,0.0,1.1709,6,18.64,-2.17,203.4,OK
873,29.123,60.0,0.0,1.1874,6,19.14,-1.67,217.8,OK
874,29.156,60.0,0.0,1.1953,6,19.77,-1.56,245.4,OK
875,29.19,60.0,0.0,1.1954,6,20.2,-1.97,262.5,OK
876,29.223,60.0,0.0,1.1906,6,19.06,-2.68,227.7,OK
877,29.256,60.0,0.0,1.185,6,18.76,-3.36,220.3,OK
878,29.29,60.0,0.0,1.1797,6,16.03,-3.67,207.1,OK
879,29.323,60.0,0.0,1.1712,7,12.86,-3.95,196.4,OK
880,29.357,60.0,0.0,1.1664,7,10.8,-4.14,224.8,OK
881,29.39,60.0,0.0,1.1701,6,9.46,-4.23,244.0,OK
882,29.423,60.0,0.0,1.1741,6,8.59,-4.37,240.4,OK
883,29.457,60.0,0.0,1.1786,6,8.03,-4.58,238.5,OK
884,29.49,60.0,0.0,1.1826,6,7.66,-4.64,235.9,OK
885,29.523,60.0,0.0,1.1879,6,6.72,-4.68,246.9,OK
886,29.557,60.0,0.0,1.192,6,6.11,-4.71,256.1,OK
887,29.59,60.0,0.0,1.1948,6,5.72,-4.71,258.7,OK
888,29.623,60.0,0.0,1.2016,6,5.46,-4.79,272.7,OK
889,29.657,60.0,0.0,1.213,6,5.29,-4.88,276.9,OK
890,29.69,60.0,0.0,1.2301,6,7.27,-5.27,255.2,OK
891,29.724,60.0,0.0,1.2462,7,8.55,-5.72,253.6,OK
892,29.757,60.0,0.0,1.2568,7,9.38,-6.1,262.6,OK
893,29.79,60.0,0.0,1.272,7,9.92,-6.52,269.5,OK
894,29.824,60.0,0.0,1.2789,7,10.27,-6.64,273.4,OK
895,29.857,60.0,0.0,1.2801,7,10.5,-6.55,257.8,OK
896,29.89,60.0,0.0,1.2795,6,10.65,-6.39,270.3,OK
897,29.924,60.0,0.0,1.2771,6,10.76,-6.22,278.2,OK
898,29.957,60.0,0.0,1.2792,7,10.82,-6.17,280.8,OK
899,29.99,60.0,0.0,1.2774,6,9.63,-4.37,160.1,OK
900,30.024,60.0,0.0,1.2792,6,9.65,-3.22,183.8,OK
901,30.057,60.0,0.0,1.2905,6,10.27,-2.36,195.2,OK
902,30.09,60.0,0.0,1.311,6,11.38,-1.71,210.5,OK
903,30.124,60.0,0.0,1.3293,6,12.66,-1.25,208.2,OK
904,30.157,60.0,0.0,1.3412,6,14.02,-0.99,210.7,OK
905,30.191,60.0,0.0,1.3489,6,15.45,-0.76,206.3,OK
906,30.224,60.0,0.0,1.354,6,16.4,-0.47,208.8,OK
907,30.257,60.0,0.0,1.3573,6,17.53,-0.26,202.4,OK
908,30.291,60.0,0.0,1.3594,6,18.5,-0.14,229.3,OK
909,30.324,60.0,0.0,1.3607,6,19.26,-0.27,238.4,OK
910,30.357,60.0,0.0,1.3616,6,18.82,-0.32,234.0,OK
911,30.391,60.0,0.0,1.3622,6,18.29,-0.54,245.0,OK
912,30.424,60.0,0.0,1.3622,6,16.44,-1.11,233.4,OK
913,30.457,60.0,0.0,1.36,6,15.22,-2.81,205.7,OK
914,30.491,60.0,0.0,1.3592,6,14.43,-3.65,233.7,OK
915,30.524,60.0,0.0,1.3594,6,13.91,-3.8,236.4,OK
916,30.558,60.0,0.0,1.3599,6,13.59,-3.7,224.4,OK
917,30.591,60.0,0.0,1.3605,6,12.68,-3.41,238.0,OK
918,30.624,60.0,0.0,1.3609,6,11.39,-3.24,242.6,OK
919,30.658,60.0,0.0,1.3608,6,9.85,-3.35,226.5,OK
920,30.691,60.0,0.0,1.361,6,8.15,-3.24,239.3,OK
921,30.724,60.0,0.0,1.3464,7,8.26,-3.23,234.8,OK
922,30.758,60.0,0.0,1.319,6,6.84,-2.91,252.5,OK
923,30.791,60.0,0.0,1.2955,6,5.67,-2.73,226.7,OK
924,30.824,60.0,0.0,1.2648,6,2.96,-2.32,176.8,OK
925,30.858,60.0,0.0,1.2372,6,0.07,-1.8,222.0,OK
926,30.891,60.0,0.0,1.2103,7,-2.5,-1.34,217.3,OK
927,30.924,60.0,0.0,1.1839,7,-4.91,-1.06,215.3,OK
928,30.958,60.0,0.0,1.1539,8,-13.34,-0.31,163.9,OK
929,30.991,60.0,0.0,1.1263,8,-14.24,-0.27,170.1,OK
930,31.025,60.0,0.0,1.0988,8,-14.86,-0.5,176.6,OK
931,31.058,60.0,0.0,1.0749,8,-15.0,-0.93,184.6,OK
932,31.091,60.0,0.0,1.0602,8,-15.52,-1.3,188.8,OK
933,31.125,60.0,0.0,1.0452,9,-15.43,-1.87,183.5,OK
934,31.158,60.0,0.0,1.0285,9,-14.52,-2.51,201.8,OK
935,31.191,60.0,0.0,1.0163,9,-13.7,-2.99,215.1,OK
936,31.225,60.0,0.0,1.0112,9,-12.9,-3.25,205.0,OK
937,31.258,60.0,0.0,1.0076,9,-11.92,-3.39,201.1,OK
938,31.291,60.0,0.0,1.007,9,-11.06,-3.42,205.3,OK
939,31.325,60.0,0.0,1.0189,8,-11.27,-3.11,198.4,OK
940,31.358,60.0,0.0,1.034,8,-11.87,-2.75,222.7,OK
941,31.392,60.0,0.0,1.0318,8,-11.45,-3.0,202.6,OK
942,31.425,60.0,0.0,1.0143,9,-11.97,-3.69,207.5,OK
943,31.458,60.0,0.0,0.9943,9,-12.32,-4.29,185.1,OK
944,31.492,60.0,0.0,0.9732,9,-9.07,-4.71,158.9,OK
945,31.525,60.0,0.0,0.9347,9,-8.5,-4.74,160.4,OK
946,31.558,60.0,0.0,0.9079,9,-9.48,-3.94,152.9,OK
947,31.592,60.0,0.0,0.869,11,-10.28,-3.93,134.7,OK
948,31.625,60.0,0.0,0.8334,11,-10.77,-4.27,117.3,OK
949,31.658,60.0,0.0,0.8052,11,-12.9,-5.77,113.3,OK
950,31.692,60.0,0.0,0.7818,11,-14.97,-6.85,108.8,OK
951,31.725,60.0,0.0,0.7653,12,-16.31,-7.5,104.2,OK
952,31.758,60.0,0.0,0.7514,12,-11.06,-7.93,94.3,OK
953,31.792,60.0,0.0,0.7172,13,-16.86,-5.59,80.8,OK
954,31.825,60.0,0.0,0.6938,13,-20.69,-4.01,81.1,OK
955,31.859,60.0,0.0,0.6779,13,-23.14,-2.95,81.5,OK
956,31.892,60.0,0.0,0.665,13,-24.4,-2.35,81.9,OK
957,31.925,60.0,0.0,0.665,8,-24.4,-2.35,85.6,HELD (spacing jump)
958,31.959,60.0,0.0,0.665,8,-24.4,-2.35,86.9,HELD (spacing jump)
959,31.992,60.0,0.0,0.665,8,-24.4,-2.35,91.9,HELD (spacing jump)
960,32.025,60.0,0.0,0.6663,13,-22.74,-2.33,91.0,OK
961,32.059,60.0,0.0,0.6693,13,-21.74,-2.26,103.9,OK
962,32.092,60.0,0.0,0.6728,13,-21.34,-2.17,106.5,OK
963,32.125,60.0,0.0,0.677,11,-21.29,-2.08,118.3,OK
964,32.159,60.0,0.0,0.6802,11,-21.41,-2.06,117.8,OK
965,32.192,60.0,0.0,0.6852,11,-22.19,-2.05,124.2,OK
966,32.226,60.0,0.0,0.6924,11,-23.38,-2.06,124.7,OK
967,32.259,60.0,0.0,0.7002,11,-24.58,-2.09,140.9,OK
968,32.292,60.0,0.0,0.7135,12,-25.8,-2.14,154.1,OK
969,32.326,60.0,0.0,0.7322,11,-26.53,-2.3,150.3,OK
970,32.359,60.0,0.0,0.7483,11,-26.1,-2.87,150.4,OK
971,32.392,60.0,0.0,0.7638,10,-26.14,-3.25,160.5,OK
972,32.426,60.0,0.0,0.7772,10,-25.96,-3.58,161.8,OK
973,32.459,60.0,0.0,0.7958,9,-24.8,-4.01,174.3,OK
974,32.492,60.0,0.0,0.8196,9,-22.29,-4.71,191.7,OK
975,32.526,60.0,0.0,0.8389,10,-20.17,-5.3,220.7,OK
976,32.559,60.0,0.0,0.858,10,-18.3,-5.69,239.1,OK
977,32.592,60.0,0.0,0.8762,9,-16.38,-5.98,223.2,OK
978,32.626,60.0,0.0,0.896,9,-14.59,-6.17,241.7,OK
979,32.659,60.0,0.0,0.9109,9,-12.18,-6.59,254.3,OK
980,32.693,60.0,0.0,0.926,9,-10.74,-6.65,271.7,OK
981,32.726,60.0,0.0,0.9375,9,-9.41,-6.58,292.2,OK
982,32.759,60.0,0.0,0.9454,9,-7.51,-6.4,290.1,OK
983,32.793,60.0,0.0,0.9626,9,-5.14,-5.94,327.5,OK
984,32.826,60.0,0.0,0.9812,9,-2.47,-5.43,325.7,OK
985,32.859,60.0,0.0,0.9997,8,-0.36,-4.99,365.1,OK
986,32.893,60.0,0.0,1.0109,8,3.01,-5.13,193.0,OK
987,32.926,60.0,0.0,1.0187,8,5.04,-5.23,206.3,OK
988,32.959,60.0,0.0,1.0159,9,6.06,-5.34,208.6,OK
989,32.993,60.0,0.0,1.0043,9,6.55,-5.43,210.7,OK
990,33.026,60.0,0.0,0.9933,9,6.97,-5.38,176.7,OK
991,33.06,60.0,0.0,0.9797,9,7.83,-5.42,194.3,OK
992,33.093,60.0,0.0,0.9677,8,8.19,-5.21,224.6,OK
993,33.126,60.0,0.0,0.9507,8,7.74,-4.82,236.8,OK
994,33.16,60.0,0.0,0.9325,9,7.24,-4.4,255.4,OK
995,33.193,60.0,0.0,0.9149,9,6.69,-3.99,250.5,OK
996,33.226,60.0,0.0,0.8963,10,5.87,-3.57,228.1,OK
997,33.26,60.0,0.0,0.8763,10,3.77,-2.82,238.6,OK
998,33.293,60.0,0.0,0.8566,10,1.67,-2.09,239.2,OK
999,33.326,60.0,0.0,0.8386,10,0.03,-1.51,238.0,OK
1000,33.36,60.0,0.0,0.8217,10,-0.64,-1.14,231.2,OK
1001,33.393,60.0,0.0,0.8037,10,-1.12,-0.87,221.3,OK
1002,33.426,60.0,0.0,0.7853,10,-1.38,-0.73,222.4,OK
1003,33.46,60.0,0.0,0.7684,11,-1.53,-0.76,169.6,OK
1004,33.493,60.0,0.0,0.754,12,-1.47,-0.61,170.3,OK
1005,33.527,60.0,0.0,0.7385,12,-1.04,-0.35,163.3,OK
1006,33.56,60.0,0.0,0.7202,11,-0.34,-0.05,164.3,OK
1007,33.593,60.0,0.0,0.7047,12,0.7,0.19,172.4,OK
1008,33.627,60.0,0.0,0.6922,12,1.97,0.33,168.4,OK
1009,33.66,60.0,0.0,0.6814,12,3.06,0.42,150.6,OK
1010,33.693,60.0,0.0,0.672,12,4.01,0.43,145.8,OK
1011,33.727,60.0,0.0,0.6657,12,4.56,0.46,143.3,OK
1012,33.76,60.0,0.0,0.6613,12,4.72,0.54,145.6,OK
1013,33.793,60.0,0.0,0.6565,12,5.07,0.56,161.9,OK
1014,33.827,60.0,0.0,0.6541,12,5.71,0.65,161.6,OK
1015,33.86,60.0,0.0,0.6555,12,6.46,0.65,60.9,OK
1016,33.893,60.0,0.0,0.6577,12,7.41,0.71,66.5,OK
1017,33.927,60.0,0.0,0.6579,12,8.37,0.85,62.6,OK
1018,33.96,60.0,0.0,0.6596,12,9.57,1.01,64.7,OK
1019,33.994,60.0,0.0,0.6608,13,10.73,1.21,67.2,OK
1020,34.027,60.0,0.0,0.6637,12,11.81,1.33,70.3,OK
1021,34.06,60.0,0.0,0.6632,13,12.46,1.39,64.7,OK
1022,34.094,60.0,0.0,0.6586,13,9.15,1.48,60.9,OK
1023,34.127,60.0,0.0,0.6605,13,9.79,1.84,63.4,OK
1024,34.16,60.0,0.0,0.6629,13,10.08,2.04,63.9,OK
1025,34.194,60.0,0.0,0.6599,13,10.15,2.2,61.2,OK
1026,34.227,60.0,0.0,0.6544,13,7.65,2.5,55.0,OK
1027,34.26,60.0,0.0,0.65,13,6.02,2.66,56.6,OK
1028,34.294,60.0,0.0,0.6472,13,4.96,2.78,56.8,OK
1029,34.327,60.0,0.0,0.6455,13,4.27,2.86,57.0,OK
1030,34.361,60.0,0.0,0.6443,13,3.83,2.9,58.9,OK
1031,34.394,60.0,0.0,0.6444,13,3.54,2.97,58.7,OK
1032,34.427,60.0,0.0,0.6469,13,5.16,3.0,58.4,OK
1033,34.461,60.0,0.0,0.6512,13,6.16,2.85,63.9,OK
1034,34.494,60.0,0.0,0.6576,12,6.87,2.63,70.3,OK
1035,34.527,60.0,0.0,0.6625,12,7.56,2.42,72.4,OK
1036,34.561,60.0,0.0,0.6671,12,8.27,2.24,74.3,OK
1037,34.594,60.0,0.0,0.6726,11,9.36,2.0,81.1,OK
1038,34.627,60.0,0.0,0.6763,11,9.37,2.16,71.9,OK
1039,34.661,60.0,0.0,0.6757,12,9.15,2.39,70.7,OK
1040,34.694,60.0,0.0,0.6759,12,8.99,2.54,72.8,OK
1041,34.727,60.0,0.0,0.6866,11,10.38,2.34,76.2,OK
1042,34.761,60.0,0.0,0.6935,11,11.29,2.19,76.4,OK
1043,34.794,60.0,0.0,0.6996,11,12.33,2.02,78.2,OK
1044,34.828,60.0,0.0,0.7032,11,14.42,1.9,67.5,OK
1045,34.861,60.0,0.0,0.7082,11,16.24,1.86,75.8,OK
1046,34.894,60.0,0.0,0.7104,11,18.09,1.51,75.5,OK
1047,34.928,60.0,0.0,0.7142,11,19.72,1.24,92.5,OK
1048,34.961,60.0,0.0,0.7186,11,21.14,1.01,110.6,OK
1049,34.994,60.0,0.0,0.7247,12,22.52,0.73,119.1,OK
1050,35.028,60.0,0.0,0.7323,11,23.76,0.42,122.4,OK
1051,35.061,60.0,0.0,0.7384,11,24.61,0.19,130.8,OK
1052,35.094,60.0,0.0,0.7438,11,25.12,0.05,126.5,OK
1053,35.128,60.0,0.0,0.7516,11,25.67,-0.08,136.2,OK
1054,35.161,60.0,0.0,0.7599,11,26.06,-0.18,132.8,OK
1055,35.195,60.0,0.0,0.7673,11,26.2,-0.25,133.3,OK
1056,35.228,60.0,0.0,0.7738,11,25.8,-0.13,114.1,OK
1057,35.261,60.0,0.0,0.7818,10,25.97,-0.11,137.7,OK
1058,35.295,60.0,0.0,0.7907,10,25.93,-0.1,142.1,OK
1059,35.328,60.0,0.0,0.8028,9,26.19,-0.19,146.1,OK
1060,35.361,60.0,0.0,0.8191,9,26.99,-0.39,151.4,OK
1061,35.395,60.0,0.0,0.8306,9,27.65,-0.59,145.7,OK
1062,35.428,60.0,0.0,0.8415,10,28.25,-0.8,164.3,OK
1063,35.461,60.0,0.0,0.853,10,28.53,-0.92,170.2,OK
1064,35.495,60.0,0.0,0.8642,10,28.01,-0.99,180.9,OK
1065,35.528,60.0,0.0,0.8732,10,27.25,-1.09,183.4,OK
1066,35.561,60.0,0.0,0.8825,10,26.18,-1.13,175.6,OK
1067,35.595,60.0,0.0,0.8897,10,24.68,-1.17,185.4,OK
1068,35.628,60.0,0.0,0.8944,10,23.11,-1.32,173.8,OK
1069,35.662,60.0,0.0,0.8969,10,21.93,-1.47,208.4,OK
1070,35.695,60.0,0.0,0.899,10,21.06,-1.54,204.4,OK
1071,35.728,60.0,0.0,0.9039,9,20.54,-1.62,206.8,OK
1072,35.762,60.0,0.0,0.9069,9,20.12,-1.64,209.3,OK
1073,35.795,60.0,0.0,0.9011,10,20.17,-2.04,168.9,OK
1074,35.828,60.0,0.0,0.8948,10,19.57,-2.31,177.7,OK
1075,35.862,60.0,0.0,0.8925,10,18.24,-2.49,176.4,OK
1076,35.895,60.0,0.0,0.8903,10,16.05,-2.56,186.0,OK
1077,35.928,60.0,0.0,0.8871,10,13.71,-2.65,196.3,OK
1078,35.962,60.0,0.0,0.8856,9,11.12,-2.67,188.9,OK
1079,35.995,60.0,0.0,0.8858,9,8.66,-2.69,200.2,OK
1080,36.029,60.0,0.0,0.8852,9,6.56,-2.78,213.1,OK
1081,36.062,60.0,0.0,0.8846,9,4.69,-2.88,220.5,OK
1082,36.095,60.0,0.0,0.8861,9,3.03,-2.92,222.2,OK
1083,36.129,60.0,0.0,0.8884,9,1.67,-2.91,226.5,OK
1084,36.162,60.0,0.0,0.8909,9,0.55,-2.88,226.4,OK
1085,36.195,60.0,0.0,0.8935,9,-0.28,-2.83,232.5,OK
1086,36.229,60.0,0.0,0.8947,9,-0.88,-2.78,237.0,OK
1087,36.262,60.0,0.0,0.896,9,-1.09,-2.66,244.7,OK
1088,36.295,60.0,0.0,0.8974,9,-0.97,-2.46,240.8,OK
1089,36.329,60.0,0.0,0.9013,8,-0.32,-2.31,259.3,OK
1090,36.362,60.0,0.0,0.9059,8,0.33,-2.22,216.1,OK
1091,36.395,60.0,0.0,0.908,8,0.6,-2.13,250.7,OK
1092,36.429,60.0,0.0,0.9089,8,0.42,-2.11,249.9,OK
1093,36.462,60.0,0.0,0.9096,8,-0.01,-2.07,261.2,OK
1094,36.496,60.0,0.0,0.9081,9,-0.5,-2.03,272.5,OK
1095,36.529,60.0,0.0,0.9097,8,-1.02,-1.96,268.4,OK
1096,36.562,60.0,0.0,0.9102,8,-1.84,-1.9,281.0,OK
1097,36.596,60.0,0.0,0.9106,8,-2.97,-1.91,275.4,OK
1098,36.629,60.0,0.0,0.9117,8,-4.45,-2.01,290.9,OK
1099,36.662,60.0,0.0,0.9114,8,-6.24,-2.12,298.6,OK
1100,36.696,60.0,0.0,0.909,9,-7.82,-2.28,292.1,OK
1101,36.729,60.0,0.0,0.9062,9,-9.02,-2.42,281.2,OK
1102,36.762,60.0,0.0,0.8997,9,-10.5,-2.14,118.7,OK
1103,36.796,60.0,0.0,0.8962,9,-11.29,-2.01,136.4,OK
1104,36.829,60.0,0.0,0.8945,9,-11.67,-1.94,141.1,OK
1105,36.863,60.0,0.0,0.8947,9,-11.88,-1.92,148.3,OK
1106,36.896,60.0,0.0,0.898,9,-11.81,-1.99,157.9,OK
1107,36.929,60.0,0.0,0.9036,8,-11.43,-2.14,153.4,OK
1108,36.963,60.0,0.0,0.91,8,-10.37,-2.36,148.3,OK
1109,36.996,60.0,0.0,0.916,8,-9.04,-2.52,164.6,OK
1110,37.029,60.0,0.0,0.9178,8,-8.12,-2.6,181.7,OK
1111,37.063,60.0,0.0,0.9205,8,-7.85,-2.78,162.2,OK
1112,37.096,60.0,0.0,0.9313,9,-8.36,-3.0,171.8,OK
1113,37.129,60.0,0.0,0.9391,9,-9.4,-3.18,178.5,OK
1114,37.163,60.0,0.0,0.9419,9,-10.71,-3.29,192.6,OK
1115,37.196,60.0,0.0,0.9435,9,-11.83,-3.35,192.2,OK
1116,37.229,60.0,0.0,0.9435,9,-12.84,-3.3,200.1,OK
1117,37.263,60.0,0.0,0.9421,9,-14.26,-3.01,199.4,OK
1118,37.296,60.0,0.0,0.9391,8,-15.19,-2.77,203.3,OK
1119,37.33,60.0,0.0,0.9366,8,-15.7,-2.62,211.0,OK
1120,37.363,60.0,0.0,0.9351,8,-16.08,-2.52,215.1,OK
1121,37.396,60.0,0.0,0.9312,8,-16.45,-2.37,215.7,OK
1122,37.43,60.0,0.0,0.9259,8,-16.54,-2.25,226.2,OK
1123,37.463,60.0,0.0,0.924,8,-16.9,-2.04,172.7,OK
1124,37.496,60.0,0.0,0.9249,8,-16.76,-1.83,169.8,OK
1125,37.53,60.0,0.0,0.9239,8,-16.03,-1.68,185.1,OK
1126,37.563,60.0,0.0,0.9216,8,-14.98,-1.53,200.0,OK
1127,37.596,60.0,0.0,0.9189,8,-14.19,-1.35,194.5,OK
1128,37.63,60.0,0.0,0.9172,8,-12.94,-1.22,203.4,OK
1129,37.663,60.0,0.0,0.9189,8,-11.66,-1.09,212.3,OK
1130,37.697,60.0,0.0,0.9209,8,-10.23,-1.0,200.7,OK
1131,37.73,60.0,0.0,0.9323,8,-7.5,-1.4,145.7,OK
1132,37.763,60.0,0.0,0.9434,9,-3.79,-2.23,158.5,OK
1133,37.797,60.0,0.0,0.9566,9,-1.45,-2.72,175.4,OK
1134,37.83,60.0,0.0,0.9693,9,-0.11,-3.0,185.3,OK
1135,37.863,60.0,0.0,0.9823,9,0.68,-3.17,193.8,OK
1136,37.897,60.0,0.0,0.9979,8,1.35,-3.34,197.6,OK
1137,37.93,60.0,0.0,1.0158,8,2.0,-3.55,202.9,OK
1138,37.963,60.0,0.0,1.0303,8,2.1,-3.84,203.5,OK
1139,37.997,60.0,0.0,1.0434,8,1.11,-4.01,208.8,OK
1140,38.03,60.0,0.0,1.0548,7,-0.35,-4.15,199.0,OK
1141,38.063,60.0,0.0,1.0586,7,-1.95,-4.45,215.3,OK
1142,38.097,60.0,0.0,1.0713,7,-3.51,-4.52,203.4,OK
1143,38.13,60.0,0.0,1.0883,7,-4.58,-4.44,228.5,OK
1144,38.164,60.0,0.0,1.0967,7,-5.37,-4.44,221.8,OK
1145,38.197,60.0,0.0,1.097,7,-6.15,-4.49,230.9,OK
1146,38.23,60.0,0.0,1.0965,7,-7.26,-4.59,236.0,OK
1147,38.264,60.0,0.0,1.0899,7,-8.85,-4.72,236.2,OK
1148,38.297,60.0,0.0,1.0781,7,-10.69,-4.88,225.8,OK
1149,38.33,60.0,0.0,1.0746,7,-12.21,-4.94,235.6,OK
1150,38.364,60.0,0.0,1.0704,7,-13.22,-5.0,236.5,OK
1151,38.397,60.0,0.0,1.0709,7,-13.8,-4.99,239.4,OK
1152,38.43,60.0,0.0,1.0745,7,-14.06,-4.94,234.9,OK
1153,38.464,60.0,0.0,1.0822,7,-14.22,-4.9,239.7,OK
1154,38.497,60.0,0.0,1.1045,7,-14.25,-4.67,228.6,OK
1155,38.531,60.0,0.0,1.131,6,-14.69,-4.38,222.2,OK
1156,38.564,60.0,0.0,1.158,6,-14.2,-4.23,256.7,OK
1157,38.597,60.0,0.0,1.1765,6,-13.9,-4.1,259.2,OK
1158,38.631,60.0,0.0,1.1849,6,-14.2,-3.93,258.3,OK
1159,38.664,60.0,0.0,1.1957,6,-14.43,-3.81,269.8,OK
1160,38.697,60.0,0.0,1.2444,7,-21.63,-2.42,159.0,OK
1161,38.731,60.0,0.0,1.281,7,-27.02,-1.51,193.5,OK
1162,38.764,60.0,0.0,1.2873,7,-24.13,-1.43,199.8,OK
1163,38.797,60.0,0.0,1.3139,6,-30.04,-0.73,164.2,OK
1164,38.831,60.0,0.0,1.331,6,-34.57,-0.98,161.0,OK
1165,38.864,60.0,0.0,1.2962,7,-28.68,-1.95,173.0,OK
1166,38.897,60.0,0.0,1.3194,6,-35.08,-2.05,175.9,OK
1167,38.931,60.0,0.0,1.3347,6,-35.54,-1.05,184.8,OK
1168,38.964,60.0,0.0,1.3347,6,-35.54,-1.05,182.5,HELD (heading jump)
1169,38.998,60.0,0.0,1.3347,6,-35.54,-1.05,178.2,HELD (heading jump)
1170,39.031,60.0,0.0,1.3347,8,-35.54,-1.05,173.3,HELD (heading jump)
1171,39.064,60.0,0.0,1.3347,8,-35.54,-1.05,175.7,HELD (heading jump)
1172,39.098,60.0,0.0,1.3347,8,-35.54,-1.05,197.5,HELD (heading jump)
1173,39.131,60.0,0.0,1.3347,8,-35.54,-1.05,198.2,HELD (heading jump)
1174,39.164,60.0,0.0,1.3347,8,-35.54,-1.05,201.5,HELD (heading jump)
1175,39.198,60.0,0.0,1.1122,8,-16.93,-10.73,199.8,RELOCK
1176,39.231,60.0,0.0,1.1086,8,-17.37,-10.72,201.0,OK
1177,39.264,60.0,0.0,1.112,8,-17.55,-10.67,206.6,OK
1178,39.298,60.0,0.0,1.1126,8,-17.88,-10.51,195.0,OK
1179,39.331,60.0,0.0,1.1126,7,-17.88,-10.51,186.8,HELD (spacing jump)
1180,39.364,60.0,0.0,1.1411,7,-29.97,-9.3,185.5,OK
1181,39.398,60.0,0.0,1.1576,7,-36.49,-8.49,202.2,OK
1182,39.431,60.0,0.0,1.1502,7,-27.1,-7.82,220.7,OK
1183,39.465,60.0,0.0,1.1376,7,-20.18,-7.19,212.7,OK
1184,39.498,60.0,0.0,1.128,7,-16.48,-6.16,196.2,OK
1185,39.531,60.0,0.0,1.1178,7,-13.35,-5.39,210.5,OK
1186,39.565,60.0,0.0,1.0981,8,-12.51,-4.35,207.7,OK
1187,39.598,60.0,0.0,1.0735,8,-12.2,-3.35,224.1,OK
1188,39.631,60.0,0.0,1.0538,9,-11.69,-2.62,180.7,OK
1189,39.665,60.0,0.0,1.0507,8,-14.32,-0.71,142.5,OK
1190,39.698,60.0,0.0,1.0412,7,-14.92,0.52,154.8,OK
1191,39.731,60.0,0.0,1.0255,8,-14.22,1.31,160.6,OK
1192,39.765,60.0,0.0,1.0126,8,-13.4,1.91,153.6,OK
1193,39.798,60.0,0.0,0.9993,8,-12.38,2.3,168.5,OK
1194,39.832,60.0,0.0,0.9806,8,-9.47,1.95,147.3,OK
1195,39.865,60.0,0.0,0.9602,8,-6.47,1.38,172.0,OK
1196,39.898,60.0,0.0,0.9482,8,-3.96,0.94,164.4,OK
1197,39.932,60.0,0.0,0.9378,8,-1.87,0.56,175.8,OK
1198,39.965,60.0,0.0,0.9245,10,0.0,0.25,159.3,OK
1199,39.998,60.0,0.0,0.9146,10,1.75,0.08,177.3,OK
1200,40.032,60.0,0.0,0.9102,10,2.89,-0.11,184.4,OK
1201,40.065,60.0,0.0,0.9082,10,2.77,-0.3,188.2,OK
1202,40.098,60.0,0.0,0.9118,8,1.85,-0.52,178.5,OK
1203,40.132,60.0,0.0,0.9158,8,-0.35,-0.64,176.9,OK
1204,40.165,60.0,0.0,0.9186,8,-2.43,-0.77,168.6,OK
1205,40.198,60.0,0.0,0.9202,8,-4.32,-0.91,173.2,OK
1206,40.232,60.0,0.0,0.9259,8,-5.71,-1.12,177.4,OK
1207,40.265,60.0,0.0,0.9447,8,-7.28,-1.03,182.9,OK
1208,40.299,60.0,0.0,0.9662,9,-8.91,-0.79,218.7,OK
1209,40.332,60.0,0.0,0.9834,9,-10.37,-0.66,220.8,OK
1210,40.365,60.0,0.0,0.9966,9,-12.16,-0.53,225.9,OK
1211,40.399,60.0,0.0,1.0068,8,-13.98,-0.43,243.0,OK
1212,40.432,60.0,0.0,1.0146,8,-15.41,-0.38,235.7,OK
1213,40.465,60.0,0.0,1.0202,8,-16.4,-0.34,237.0,OK
1214,40.499,60.0,0.0,1.0329,8,-17.25,-0.25,222.1,OK
1215,40.532,60.0,0.0,1.055,8,-19.24,0.37,250.4,OK
1216,40.565,60.0,0.0,1.0705,8,-20.4,0.77,246.7,OK
1217,40.599,60.0,0.0,1.0781,8,-20.46,0.85,223.7,OK
1218,40.632,60.0,0.0,1.0648,8,-20.34,0.13,178.3,OK
1219,40.666,60.0,0.0,1.0483,9,-21.11,0.08,178.7,OK
1220,40.699,60.0,0.0,1.0368,9,-21.45,0.11,187.4,OK
1221,40.732,60.0,0.0,1.0263,9,-21.42,0.28,169.9,OK
1222,40.766,60.0,0.0,0.9961,8,-21.45,0.66,187.2,OK
1223,40.799,60.0,0.0,0.9696,8,-20.64,0.91,218.7,OK
1224,40.832,60.0,0.0,0.9477,9,-19.67,1.21,208.7,OK
1225,40.866,60.0,0.0,0.9261,10,-19.08,1.57,202.2,OK
1226,40.899,60.0,0.0,0.9081,10,-18.15,2.0,193.8,OK
1227,40.932,60.0,0.0,0.8916,10,-15.91,2.03,178.7,OK
1228,40.966,60.0,0.0,0.8693,10,-13.47,1.95,184.3,OK
1229,40.999,60.0,0.0,0.848,10,-10.97,1.81,172.8,OK
1230,41.032,60.0,0.0,0.8294,10,-8.3,1.58,183.4,OK
1231,41.066,60.0,0.0,0.8121,10,-5.98,1.44,188.9,OK
1232,41.099,60.0,0.0,0.7894,11,-2.94,0.98,180.1,OK
1233,41.133,60.0,0.0,0.7713,12,-0.46,0.82,166.6,OK
1234,41.166,60.0,0.0,0.7529,12,1.73,0.61,152.0,OK
1235,41.199,60.0,0.0,0.7355,12,4.21,0.14,137.7,OK
1236,41.233,60.0,0.0,0.7189,11,5.94,-0.15,132.4,OK
1237,41.266,60.0,0.0,0.703,12,6.12,-0.31,109.2,OK
1238,41.299,60.0,0.0,0.694,12,5.8,-0.6,118.4,OK
1239,41.333,60.0,0.0,0.6909,12,5.42,-1.17,111.2,OK
1240,41.366,60.0,0.0,0.6841,13,4.96,-2.1,100.6,OK
1241,41.399,60.0,0.0,0.6819,12,5.15,-3.52,83.9,OK
1242,41.433,60.0,0.0,0.6677,13,1.24,-3.92,86.6,OK
1243,41.466,60.0,0.0,0.6677,8,1.24,-3.92,73.1,HELD (row jump)
1244,41.5,60.0,0.0,0.6677,8,1.24,-3.92,70.6,HELD (row jump)
1245,41.533,60.0,0.0,0.6677,10,1.24,-3.92,84.4,HELD (row jump)
1246,41.566,60.0,0.0,0.6677,10,1.24,-3.92,85.6,HELD (row jump)
1247,41.6,60.0,0.0,0.6677,9,1.24,-3.92,73.6,HELD (row jump)
1248,41.633,60.0,0.0,0.6677,9,1.24,-3.92,71.9,HELD (spacing jump)
1249,41.666,60.0,0.0,0.6677,9,1.24,-3.92,75.5,HELD (spacing jump)
1250,41.7,60.0,0.0,0.6677,8,1.24,-3.92,88.0,HELD (row jump)
1251,41.733,60.0,0.0,0.6677,7,1.24,-3.92,76.6,HELD (row jump)
1252,41.766,60.0,0.0,0.6677,7,1.24,-3.92,88.5,HELD (row jump)
1253,41.8,60.0,0.0,0.6677,7,1.24,-3.92,91.5,HELD (row jump)
1254,41.833,60.0,0.0,1.0248,7,-37.71,-5.34,88.5,RELOCK
1255,41.866,60.0,0.0,1.025,7,-38.11,-5.26,97.0,OK
1256,41.9,60.0,0.0,1.0357,7,-39.06,-5.23,92.3,OK
1257,41.933,60.0,0.0,1.0438,7,-39.68,-5.27,102.2,OK
1258,41.967,60.0,0.0,1.0504,7,-40.09,-5.18,100.1,OK
1259,42.0,60.0,0.0,1.0625,7,-40.31,-5.7,96.1,OK
1260,42.033,60.0,0.0,1.0843,7,-39.79,-5.62,93.1,OK
1261,42.067,60.0,0.0,1.1041,7,-39.45,-5.53,92.4,OK
1262,42.1,60.0,0.0,1.1324,7,-39.16,-6.56,77.9,OK
1263,42.133,60.0,0.0,1.1324,14,-39.16,-6.56,73.9,HELD (row jump)
1264,42.167,60.0,0.0,1.1324,13,-39.16,-6.56,81.6,HELD (row jump)
1265,42.2,60.0,0.0,1.1324,13,-39.16,-6.56,83.9,HELD (row jump)
1266,42.233,60.0,0.0,1.1324,13,-39.16,-6.56,90.6,HELD (row jump)
1267,42.267,60.0,0.0,0.6287,13,28.08,1.63,107.7,RELOCK
1268,42.3,60.0,0.0,0.6287,13,28.08,1.63,108.3,HELD (row jump)
1269,42.334,60.0,0.0,0.6287,13,28.08,1.63,122.0,HELD (row jump)
1270,42.367,60.0,0.0,0.6287,13,28.08,1.63,131.0,HELD (row jump)
1271,42.4,60.0,0.0,0.6287,13,28.08,1.63,134.8,HELD (row jump)
1272,42.434,60.0,0.0,0.6459,13,29.4,1.25,117.9,OK
1273,42.467,60.0,0.0,0.6459,11,29.4,1.25,131.5,HELD (row jump)
1274,42.5,60.0,0.0,0.6459,11,29.4,1.25,144.3,HELD (row jump)
1275,42.534,60.0,0.0,0.6459,11,29.4,1.25,140.7,HELD (row jump)
1276,42.567,60.0,0.0,0.6459,6,29.4,1.25,94.0,HELD (row jump)
1277,42.6,60.0,0.0,0.6459,6,29.4,1.25,94.8,HELD (row jump)
1278,42.634,60.0,0.0,0.6459,6,29.4,1.25,102.5,HELD (row jump)
1279,42.667,60.0,0.0,0.6459,6,29.4,1.25,116.1,HELD (row jump)
1280,42.7,60.0,0.0,1.3723,6,-52.04,-15.95,120.3,RELOCK
1281,42.734,60.0,0.0,1.4008,6,-52.48,-15.4,122.7,OK
1282,42.767,60.0,0.0,1.4434,6,-52.17,-14.68,130.2,OK
1283,42.801,60.0,0.0,1.4434,10,-52.17,-14.68,146.3,HELD (spacing jump)
1284,42.834,60.0,0.0,1.4434,9,-52.17,-14.68,139.7,HELD (spacing jump)
1285,42.867,60.0,0.0,1.4434,9,-52.17,-14.68,153.0,HELD (heading jump)
1286,42.901,60.0,0.0,1.4434,9,-52.17,-14.68,143.1,HELD (heading jump)
1287,42.934,60.0,0.0,0.8878,9,-18.76,-6.0,120.3,RELOCK
1288,42.967,60.0,0.0,0.9176,9,-22.73,-5.0,136.3,OK
1289,43.001,60.0,0.0,0.9389,9,-26.29,-4.49,129.2,OK
1290,43.034,60.0,0.0,0.9567,9,-28.91,-3.93,146.0,OK
1291,43.067,60.0,0.0,0.9696,9,-29.59,-3.54,150.4,OK
1292,43.101,60.0,0.0,0.9845,9,-27.5,-3.47,147.8,OK
1293,43.134,60.0,0.0,1.0026,8,-24.26,-3.39,158.3,OK
1294,43.168,60.0,0.0,1.0197,7,-19.48,-3.8,162.4,OK
1295,43.201,60.0,0.0,1.0405,7,-14.29,-4.15,157.5,OK
1296,43.234,60.0,0.0,1.0539,7,-10.07,-4.22,166.2,OK
1297,43.268,60.0,0.0,1.0679,8,-8.64,-3.57,167.5,OK
1298,43.301,60.0,0.0,1.0812,8,-6.76,-3.01,196.5,OK
1299,43.334,60.0,0.0,1.0869,8,-4.9,-2.51,189.8,OK
1300,43.368,60.0,0.0,1.0949,8,-2.72,-2.12,204.9,OK
1301,43.401,60.0,0.0,1.0997,8,-0.69,-1.77,206.6,OK
1302,43.434,60.0,0.0,1.0973,8,0.65,-1.44,187.4,OK
1303,43.468,60.0,0.0,1.0842,8,1.71,-1.43,216.6,OK
1304,43.501,60.0,0.0,1.0647,8,1.68,-1.24,210.2,OK
1305,43.534,60.0,0.0,1.0439,8,0.32,-0.88,153.3,OK
1306,43.568,60.0,0.0,1.03,8,0.18,-0.64,171.1,OK
1307,43.601,60.0,0.0,1.0164,8,2.03,-0.72,170.1,OK
1308,43.635,60.0,0.0,1.0004,8,3.38,-0.63,181.3,OK
1309,43.668,60.0,0.0,0.986,8,4.32,-0.44,174.4,OK
1310,43.701,60.0,0.0,0.9779,8,6.49,-0.54,184.9,OK
1311,43.735,60.0,0.0,0.9683,8,8.76,-0.84,200.9,OK
1312,43.768,60.0,0.0,0.9578,8,10.25,-1.16,204.5,OK
1313,43.801,60.0,0.0,0.9456,8,8.41,-1.5,218.8,OK
1314,43.835,60.0,0.0,0.9361,8,6.51,-1.96,210.6,OK
1315,43.868,60.0,0.0,0.9287,8,4.58,-2.32,224.6,OK
1316,43.901,60.0,0.0,0.9217,8,3.33,-2.56,230.9,OK
1317,43.935,60.0,0.0,0.913,9,2.51,-2.62,229.9,OK
1318,43.968,60.0,0.0,0.9034,10,6.41,-2.56,218.8,OK
1319,44.002,60.0,0.0,0.8982,10,9.63,-2.39,219.5,OK
1320,44.035,60.0,0.0,0.8925,10,11.62,-2.04,192.0,OK
1321,44.068,60.0,0.0,0.8836,10,13.98,-1.89,192.6,OK
1322,44.102,60.0,0.0,0.8804,10,15.96,-1.75,209.3,OK
1323,44.135,60.0,0.0,0.8827,10,18.09,-1.83,156.4,OK
1324,44.168,60.0,0.0,0.8774,10,20.27,-1.9,169.2,OK
1325,44.202,60.0,0.0,0.8712,10,22.43,-1.79,176.3,OK
1326,44.235,60.0,0.0,0.8662,9,23.5,-1.26,172.9,OK
1327,44.268,60.0,0.0,0.8671,10,25.82,-1.11,210.5,OK
1328,44.302,60.0,0.0,0.8684,9,27.82,-0.94,206.7,OK
1329,44.335,60.0,0.0,0.8691,9,29.25,-0.82,220.5,OK
1330,44.368,60.0,0.0,0.8698,9,30.0,-0.7,224.9,OK
1331,44.402,60.0,0.0,0.8708,9,30.28,-0.59,209.1,OK
1332,44.435,60.0,0.0,0.8691,9,30.31,-0.47,226.3,OK
1333,44.469,60.0,0.0,0.8698,9,30.29,-0.31,240.4,OK
1334,44.502,60.0,0.0,0.8692,9,29.63,-0.27,152.3,OK
1335,44.535,60.0,0.0,0.867,9,28.88,-0.15,169.6,OK
1336,44.569,60.0,0.0,0.8602,9,28.02,-0.04,150.8,OK
1337,44.602,60.0,0.0,0.8527,9,26.7,0.17,145.5,OK
1338,44.635,60.0,0.0,0.846,9,24.85,0.54,133.8,OK
1339,44.669,60.0,0.0,0.8406,9,22.73,0.94,134.7,OK
1340,44.702,60.0,0.0,0.8351,9,20.7,1.15,120.7,OK
1341,44.735,60.0,0.0,0.8308,9,18.36,1.4,116.1,OK
1342,44.769,60.0,0.0,0.8249,10,15.85,1.63,107.6,OK
1343,44.802,60.0,0.0,0.8205,10,13.33,1.63,108.0,OK
1344,44.835,60.0,0.0,0.807,11,9.35,2.16,105.5,OK
1345,44.869,60.0,0.0,0.7936,10,7.63,1.87,105.6,OK
1346,44.902,60.0,0.0,0.7829,11,5.95,1.76,107.7,OK
1347,44.936,60.0,0.0,0.7709,11,4.62,1.69,96.8,OK
1348,44.969,60.0,0.0,0.7557,12,3.67,1.66,92.7,OK
1349,45.002,60.0,0.0,0.7449,12,3.8,1.65,85.7,OK
1350,45.036,60.0,0.0,0.7335,12,4.66,1.52,86.1,OK
1351,45.069,60.0,0.0,0.7215,11,2.84,2.16,83.2,OK
1352,45.102,60.0,0.0,0.71,11,3.19,2.2,87.4,OK
1353,45.136,60.0,0.0,0.7051,11,4.57,2.18,79.4,OK
1354,45.169,60.0,0.0,0.6994,11,7.56,1.67,85.7,OK
1355,45.202,60.0,0.0,0.6932,12,10.33,1.09,84.1,OK
1356,45.236,60.0,0.0,0.6932,8,10.33,1.09,70.8,HELD (heading jump)
1357,45.269,60.0,0.0,0.6932,8,10.33,1.09,78.1,HELD (heading jump)
1358,45.303,60.0,0.0,0.6932,8,10.33,1.09,65.8,HELD (heading jump)
1359,45.336,60.0,0.0,0.6932,8,10.33,1.09,59.6,HELD (heading jump)
1360,45.369,60.0,0.0,0.6932,8,10.33,1.09,67.9,HELD (heading jump)
1361,45.403,60.0,0.0,0.6932,8,10.33,1.09,73.3,HELD (heading jump)
1362,45.436,60.0,0.0,0.9062,8,33.56,14.2,76.8,RELOCK
1363,45.469,60.0,0.0,0.9062,9,33.56,14.2,79.1,HELD (heading jump)
1364,45.503,60.0,0.0,0.9062,9,33.56,14.2,85.9,HELD (heading jump)
1365,45.536,60.0,0.0,0.9062,9,33.56,14.2,90.2,HELD (heading jump)
1366,45.569,60.0,0.0,0.9062,8,33.56,14.2,98.8,HELD (heading jump)
1367,45.603,60.0,0.0,0.9129,8,8.46,-5.58,97.8,RELOCK
1368,45.636,60.0,0.0,0.9164,9,8.63,-5.69,102.9,OK
1369,45.669,60.0,0.0,0.9181,8,8.74,-5.74,99.7,OK
1370,45.703,60.0,0.0,0.9148,8,5.02,-5.55,115.3,OK
1371,45.736,60.0,0.0,0.9113,9,1.19,-5.29,122.1,OK
1372,45.77,60.0,0.0,0.9079,9,-2.72,-4.99,136.5,OK
1373,45.803,60.0,0.0,0.9015,9,-6.6,-4.51,147.3,OK
1374,45.836,60.0,0.0,0.8957,9,-9.31,-4.17,140.9,OK
1375,45.87,60.0,0.0,0.892,9,-12.12,-3.69,137.0,OK
1376,45.903,60.0,0.0,0.889,9,-13.85,-3.55,133.7,OK
1377,45.936,60.0,0.0,0.8832,9,-16.04,-3.23,141.2,OK
1378,45.97,60.0,0.0,0.8796,9,-17.46,-3.04,141.2,OK
1379,46.003,60.0,0.0,0.8822,9,-17.5,-3.17,137.6,OK
1380,46.036,60.0,0.0,0.889,9,-16.28,-3.54,137.6,OK
1381,46.07,60.0,0.0,0.8991,9,-13.35,-4.26,86.1,OK
1382,46.103,60.0,0.0,0.9068,9,-11.34,-4.73,103.7,OK
1383,46.137,60.0,0.0,0.9125,9,-10.19,-5.0,102.3,OK
1384,46.17,60.0,0.0,0.9175,9,-7.55,-5.43,73.4,OK
1385,46.203,60.0,0.0,0.9175,12,-7.55,-5.43,80.4,HELD (spacing jump)
1386,46.237,60.0,0.0,0.9175,11,-7.55,-5.43,63.5,HELD (spacing jump)
1387,46.27,60.0,0.0,0.9175,11,-7.55,-5.43,85.0,HELD (row jump)
1388,46.303,60.0,0.0,0.9175,11,-7.55,-5.43,89.5,HELD (row jump)
1389,46.337,60.0,0.0,0.9175,11,-7.55,-5.43,86.9,HELD (row jump)
1390,46.37,60.0,0.0,0.707,11,25.34,-9.61,88.7,RELOCK
1391,46.403,60.0,0.0,0.7044,12,26.03,-8.69,90.1,OK
1392,46.437,60.0,0.0,0.7044,11,26.03,-8.69,76.1,HELD (row jump)
1393,46.47,60.0,0.0,0.7044,12,26.03,-8.69,73.0,HELD (row jump)
1394,46.503,60.0,0.0,0.7044,13,26.03,-8.69,70.5,HELD (row jump)
1395,46.537,60.0,0.0,0.7044,11,26.03,-8.69,69.5,HELD (row jump)
1396,46.57,60.0,0.0,0.7044,11,26.03,-8.69,69.5,HELD (row jump)
1397,46.604,60.0,0.0,0.7044,13,26.03,-8.69,77.9,HELD (row jump)
1398,46.637,60.0,0.0,0.7044,12,26.03,-8.69,84.5,HELD (row jump)
1399,46.67,60.0,0.0,0.7044,12,26.03,-8.69,93.3,HELD (row jump)
1400,46.704,60.0,0.0,0.7044,12,26.03,-8.69,91.0,HELD (row jump)
1401,46.737,60.0,0.0,0.6894,12,-7.37,-8.8,93.3,RELOCK
1402,46.77,60.0,0.0,0.6981,12,-15.51,-8.9,90.6,OK
1403,46.804,60.0,0.0,0.7076,12,-19.41,-8.98,91.2,OK
1404,46.837,60.0,0.0,0.7216,11,-21.95,-9.05,90.3,OK
1405,46.87,60.0,0.0,0.7369,11,-23.6,-8.96,88.2,OK
1406,46.904,60.0,0.0,0.7542,11,-24.7,-8.57,87.3,OK
1407,46.937,60.0,0.0,0.7686,11,-26.12,-8.11,86.8,OK
1408,46.971,60.0,0.0,0.7907,9,-27.08,-7.39,84.4,OK
1409,47.004,60.0,0.0,0.8095,10,-28.49,-5.04,91.7,OK
1410,47.037,60.0,0.0,0.8238,10,-30.8,-2.74,94.6,OK
1411,47.071,60.0,0.0,0.8332,10,-30.07,-0.81,101.7,OK
1412,47.104,60.0,0.0,0.8457,10,-30.17,0.33,119.9,OK
1413,47.137,60.0,0.0,0.855,9,-34.66,0.97,129.2,OK
1414,47.171,60.0,0.0,0.855,9,-34.66,0.97,132.5,HELD (row jump)
1415,47.204,60.0,0.0,0.8562,10,-35.85,1.87,115.4,OK
1416,47.237,60.0,0.0,0.8571,10,-37.75,2.57,126.4,OK
1417,47.271,60.0,0.0,0.86,9,-39.22,2.72,138.9,OK
1418,47.304,60.0,0.0,0.86,10,-39.22,2.72,133.9,HELD (row jump)
1419,47.337,60.0,0.0,0.86,10,-39.22,2.72,123.2,HELD (row jump)
1420,47.371,60.0,0.0,0.86,10,-39.22,2.72,140.7,HELD (row jump)
1421,47.404,60.0,0.0,0.86,11,-39.22,2.72,98.1,HELD (row jump)
1422,47.438,60.0,0.0,0.8135,11,31.38,1.95,104.9,RELOCK
1423,47.471,60.0,0.0,0.812,11,32.05,1.77,109.2,OK
1424,47.504,60.0,0.0,0.8117,11,31.14,1.84,118.0,OK
1425,47.538,60.0,0.0,0.8147,9,30.02,1.77,120.0,OK
1426,47.571,60.0,0.0,0.8155,10,28.1,1.67,124.5,OK
1427,47.604,60.0,0.0,0.8149,10,26.3,1.55,134.6,OK
1428,47.638,60.0,0.0,0.8133,10,23.04,1.46,133.7,OK
1429,47.671,60.0,0.0,0.8115,10,20.23,1.45,144.6,OK
1430,47.704,60.0,0.0,0.8133,10,18.4,1.33,142.7,OK
1431,47.738,60.0,0.0,0.817,9,17.21,1.23,156.8,OK
1432,47.771,60.0,0.0,0.8198,9,15.73,1.2,158.4,OK
1433,47.805,60.0,0.0,0.8182,10,14.78,1.11,152.2,OK
1434,47.838,60.0,0.0,0.8165,10,16.05,1.06,151.1,OK
1435,47.871,60.0,0.0,0.8173,9,12.88,1.02,157.5,OK
1436,47.905,60.0,0.0,0.8195,9,10.82,1.0,159.3,OK
1437,47.938,60.0,0.0,0.8194,9,9.49,0.97,148.0,OK
1438,47.971,60.0,0.0,0.8209,9,11.63,0.95,153.0,OK
1439,48.005,60.0,0.0,0.8279,9,9.31,0.92,158.5,OK
1440,48.038,60.0,0.0,0.8381,9,7.8,1.0,155.9,OK
1441,48.071,60.0,0.0,0.8458,10,6.12,0.97,165.9,OK
1442,48.105,60.0,0.0,0.8561,10,5.03,0.55,182.3,OK
1443,48.138,60.0,0.0,0.8694,10,7.96,0.38,197.8,OK
1444,48.171,60.0,0.0,0.8797,10,6.23,0.11,166.8,OK
1445,48.205,60.0,0.0,0.8853,10,4.4,-0.12,194.4,OK
1446,48.238,60.0,0.0,0.8868,10,3.21,-0.21,172.8,OK
1447,48.272,60.0,0.0,0.8859,10,1.74,-0.26,192.6,OK
1448,48.305,60.0,0.0,0.8907,10,0.08,-0.33,195.2,OK
1449,48.338,60.0,0.0,0.8954,9,0.12,-0.48,201.2,OK
1450,48.372,60.0,0.0,0.8921,10,-0.98,-0.49,153.6,OK
1451,48.405,60.0,0.0,0.8835,10,-2.65,-0.54,151.4,OK
1452,48.438,60.0,0.0,0.8743,10,-4.89,-0.58,143.2,OK
1453,48.472,60.0,0.0,0.8738,9,-5.53,-1.02,174.9,OK
1454,48.505,60.0,0.0,0.8815,9,-6.11,-1.29,198.8,OK
1455,48.538,60.0,0.0,0.8921,8,-6.4,-1.49,227.7,OK
1456,48.572,60.0,0.0,0.8999,8,-6.69,-1.62,253.2,OK
1457,48.605,60.0,0.0,0.9069,8,-7.0,-1.73,255.5,OK
1458,48.639,60.0,0.0,0.9122,8,-7.31,-1.87,241.3,OK
1459,48.672,60.0,0.0,0.9158,8,-7.59,-1.96,241.1,OK
1460,48.705,60.0,0.0,0.9187,8,-7.77,-2.0,241.5,OK
1461,48.739,60.0,0.0,0.9215,8,-7.7,-2.01,252.0,OK
1462,48.772,60.0,0.0,0.9204,8,-6.99,-2.02,237.0,OK
1463,48.805,60.0,0.0,0.9136,9,-6.38,-1.97,240.3,OK
1464,48.839,60.0,0.0,0.9031,9,-1.0,-1.84,228.9,OK
1465,48.872,60.0,0.0,0.894,10,-2.18,-1.67,243.4,OK
1466,48.905,60.0,0.0,0.8842,10,-3.01,-1.49,229.9,OK
1467,48.939,60.0,0.0,0.8684,10,-4.6,-1.05,233.3,OK
1468,48.972,60.0,0.0,0.8533,10,-5.79,-0.77,224.9,OK
1469,49.005,60.0,0.0,0.8429,10,-6.63,-0.57,234.1,OK
1470,49.039,60.0,0.0,0.8377,10,-7.02,-0.42,234.4,OK
1471,49.072,60.0,0.0,0.8347,10,-6.71,-0.24,218.2,OK
1472,49.106,60.0,0.0,0.8343,10,-5.9,-0.03,205.4,OK
1473,49.139,60.0,0.0,0.8342,10,-4.8,0.17,206.3,OK
1474,49.172,60.0,0.0,0.8362,10,-3.66,0.26,226.6,OK
1475,49.206,60.0,0.0,0.838,10,-2.92,0.36,218.6,OK
1476,49.239,60.0,0.0,0.8393,10,-2.34,0.39,219.9,OK
1477,49.272,60.0,0.0,0.8404,10,-2.05,0.43,218.8,OK
1478,49.306,60.0,0.0,0.8449,10,-1.85,0.47,201.3,OK
1479,49.339,60.0,0.0,0.838,10,-2.59,0.38,167.0,OK
1480,49.372,60.0,0.0,0.834,10,-2.73,0.27,169.8,OK
1481,49.406,60.0,0.0,0.8292,10,-3.76,-0.13,149.4,OK
1482,49.439,60.0,0.0,0.8225,11,-4.81,-0.56,161.2,OK
1483,49.472,60.0,0.0,0.8196,11,-5.98,-0.93,180.4,OK
1484,49.506,60.0,0.0,0.8149,11,-6.36,-1.42,190.4,OK
1485,49.539,60.0,0.0,0.8082,11,-6.81,-1.65,170.7,OK
1486,49.573,60.0,0.0,0.7989,11,-9.67,-2.09,157.8,OK
1487,49.606,60.0,0.0,0.7903,11,-11.53,-2.31,155.4,OK
1488,49.639,60.0,0.0,0.7827,11,-12.74,-2.55,183.7,OK
1489,49.673,60.0,0.0,0.7742,10,-10.0,-2.83,184.3,OK
1490,49.706,60.0,0.0,0.7669,10,-7.98,-3.1,173.7,OK
1491,49.739,60.0,0.0,0.7617,10,-6.48,-3.29,170.4,OK
1492,49.773,60.0,0.0,0.7603,10,-5.04,-3.47,169.4,OK
1493,49.806,60.0,0.0,0.7602,10,-3.78,-3.59,163.4,OK
1494,49.839,60.0,0.0,0.762,11,-2.8,-3.61,160.8,OK
1495,49.873,60.0,0.0,0.7659,11,-1.8,-3.65,164.1,OK
1496,49.906,60.0,0.0,0.7702,11,-1.24,-3.63,180.4,OK
1497,49.94,60.0,0.0,0.7665,10,-0.86,-3.66,195.5,OK
1498,49.973,60.0,0.0,0.7559,11,-0.65,-3.67,179.4,OK
1499,50.006,60.0,0.0,0.7402,11,-0.34,-3.73,163.7,OK
1500,50.04,60.0,0.0,0.7255,11,-0.26,-3.72,178.0,OK
1501,50.073,60.0,0.0,0.7064,13,-0.87,-3.6,178.8,OK
1502,50.106,60.0,0.0,0.6832,12,-2.47,-3.24,194.1,OK
1503,50.14,60.0,0.0,0.6597,13,-3.93,-2.88,177.4,OK
1504,50.173,60.0,0.0,0.6388,13,-5.39,-2.46,176.1,OK
1505,50.206,60.0,0.0,0.6208,14,-6.27,-2.07,180.0,OK
1506,50.24,60.0,0.0,0.6028,15,-6.7,-1.7,150.9,OK
1507,50.273,60.0,0.0,0.5834,14,-6.62,-1.35,141.1,OK
1508,50.306,60.0,0.0,0.5834,13,-6.62,-1.35,93.0,HELD (row jump)
1509,50.34,60.0,0.0,0.5834,13,-6.62,-1.35,92.0,HELD (row jump)
1510,50.373,60.0,0.0,0.5478,16,-5.09,-1.7,81.1,OK
1511,50.407,60.0,0.0,0.5223,17,-3.65,-1.91,78.8,OK
1512,50.44,60.0,0.0,0.5019,17,-2.17,-2.03,85.5,OK
1513,50.473,60.0,0.0,0.4859,18,-1.18,-1.97,86.4,OK
1514,50.507,60.0,0.0,0.4719,19,-0.49,-1.88,91.6,OK
1515,50.54,60.0,0.0,0.4629,19,0.06,-1.84,101.9,OK
1516,50.573,60.0,0.0,0.4555,19,0.27,-1.85,113.2,OK
1517,50.607,60.0,0.0,0.4498,19,0.26,-1.98,103.6,OK
1518,50.64,60.0,0.0,0.4452,19,0.01,-2.25,95.8,OK
1519,50.673,60.0,0.0,0.4411,19,-1.17,-2.45,116.1,OK
1520,50.707,60.0,0.0,0.4372,19,-2.8,-2.71,119.3,OK
1521,50.74,60.0,0.0,0.4339,20,-4.36,-3.06,120.1,OK
1522,50.774,60.0,0.0,0.4338,19,-6.0,-3.38,132.6,OK
1523,50.807,60.0,0.0,0.4364,18,-7.1,-3.78,128.1,OK
1524,50.84,60.0,0.0,0.4422,18,-7.97,-4.16,116.2,OK
1525,50.874,60.0,0.0,0.4491,18,-8.87,-4.45,128.3,OK
1526,50.907,60.0,0.0,0.4579,18,-9.61,-4.7,133.3,OK
1527,50.94,60.0,0.0,0.4686,16,-10.7,-4.82,128.2,OK
1528,50.974,60.0,0.0,0.4826,16,-12.14,-4.81,130.8,OK
1529,51.007,60.0,0.0,0.4826,12,-12.14,-4.81,136.9,HELD (row jump)
1530,51.04,60.0,0.0,0.4826,8,-12.14,-4.81,145.2,HELD (heading jump)
1531,51.074,60.0,0.0,0.4826,8,-12.14,-4.81,137.2,HELD (heading jump)
1532,51.107,60.0,0.0,0.4826,8,-12.14,-4.81,137.5,HELD (heading jump)
1533,51.14,60.0,0.0,0.4826,8,-12.14,-4.81,166.0,HELD (row jump)
1534,51.174,60.0,0.0,0.4826,7,-12.14,-4.81,159.3,HELD (row jump)
1535,51.207,60.0,0.0,0.4826,7,-12.14,-4.81,177.7,HELD (row jump)
1536,51.241,60.0,0.0,0.4826,9,-12.14,-4.81,180.6,HELD (spacing jump)
1537,51.274,60.0,0.0,0.4826,10,-12.14,-4.81,126.5,HELD (row jump)
1538,51.307,60.0,0.0,0.4826,9,-12.14,-4.81,132.9,HELD (row jump)
1539,51.341,60.0,0.0,0.4826,9,-12.14,-4.81,152.5,HELD (row jump)
1540,51.374,60.0,0.0,0.4826,8,-12.14,-4.81,151.3,HELD (spacing jump)
1541,51.407,60.0,0.0,0.4826,8,-12.14,-4.81,161.5,HELD (row jump)
1542,51.441,60.0,0.0,0.4826,9,-12.14,-4.81,158.2,HELD (row jump)
1543,51.474,60.0,0.0,0.4826,9,-12.14,-4.81,165.2,HELD (row jump)
1544,51.507,60.0,0.0,0.4826,9,-12.14,-4.81,167.4,HELD (row jump)
1545,51.541,60.0,0.0,0.4826,9,-12.14,-4.81,170.9,HELD (row jump)
1546,51.574,60.0,0.0,0.4826,9,-12.14,-4.81,172.5,HELD (row jump)
1547,51.608,60.0,0.0,0.4826,9,-12.14,-4.81,138.9,HELD (spacing jump)
1548,51.641,60.0,0.0,0.4826,9,-12.14,-4.81,156.7,HELD (spacing jump)
1549,51.674,60.0,0.0,0.4826,9,-12.14,-4.81,160.8,HELD (spacing jump)
1550,51.708,60.0,0.0,0.4826,10,-12.14,-4.81,172.3,HELD (spacing jump)
1551,51.741,60.0,0.0,0.9492,8,-2.43,-9.94,152.0,RELOCK
1552,51.774,60.0,0.0,0.9492,7,-2.43,-9.94,157.3,HELD (row jump)
1553,51.808,60.0,0.0,0.9492,7,-2.43,-9.94,174.6,HELD (row jump)
1554,51.841,60.0,0.0,0.9492,7,-2.43,-9.94,166.4,HELD (row jump)
1555,51.874,60.0,0.0,0.9492,7,-2.43,-9.94,182.7,HELD (row jump)
1556,51.908,60.0,0.0,0.9492,7,-2.43,-9.94,185.1,HELD (row jump)
1557,51.941,60.0,0.0,0.9492,7,-2.43,-9.94,166.5,HELD (row jump)
1558,51.974,60.0,0.0,0.9492,7,-2.43,-9.94,172.7,HELD (row jump)
1559,52.008,60.0,0.0,0.9492,7,-2.43,-9.94,156.7,HELD (heading jump)
1560,52.041,60.0,0.0,0.9492,7,-2.43,-9.94,168.7,HELD (heading jump)
1561,52.075,60.0,0.0,0.9492,13,-2.43,-9.94,157.6,HELD (spacing jump)
1562,52.108,60.0,0.0,0.9492,13,-2.43,-9.94,160.9,HELD (spacing jump)
